date,fraction,forecast_peak_before,forecast_peak_after,observed_peak_before,simulated_peak_after,simulated_peak_change,feasible_under_assumed_share,has_movement,share_violation_sum,moved_load_sum
2021-08-01,0.0,26.0,26.0,23.0,23.0,0.0,True,False,0.0,0.0
2021-08-01,0.05,26.0,26.0,23.0,23.0,0.0,True,False,0.0,0.0
2021-08-01,0.1,26.0,26.0,23.0,23.0,0.0,True,False,0.0,0.0
2021-08-01,0.2,26.0,26.0,23.0,23.0,0.0,True,False,0.0,0.0
2021-08-02,0.0,198.0,198.0,23.0,23.0,0.0,True,False,0.0,0.0
2021-08-02,0.05,198.0,188.1000001,23.0,25.10000009999999,2.1000000999999884,False,True,9.749999800000023,11.799999800000023
2021-08-02,0.1,198.0,178.20000009999998,23.0,40.8,17.799999999999997,False,True,47.09999930000012,57.799999300000124
2021-08-02,0.2,198.0,174.40000009999997,23.0,40.8,17.799999999999997,False,True,72.99999880000036,103.5999979000006
2021-08-03,0.0,207.0,207.0,23.0,23.0,0.0,True,False,0.0,0.0
2021-08-03,0.05,207.0,196.6500001,23.0,33.3499999,10.3499999,False,True,9.2499999,10.3499999
2021-08-03,0.1,207.0,186.3000001,23.0,36.89999929999996,13.899999299999962,False,True,30.599999699999984,38.79999959999998
2021-08-03,0.2,207.0,178.87272737272727,23.0,43.7,20.700000000000003,False,True,99.98181568181826,139.809088309091
2021-08-04,0.0,208.0,208.0,23.0,23.0,0.0,True,False,0.0,0.0
2021-08-04,0.05,208.0,197.6000001,23.0,31.39999990000001,8.399999900000012,False,True,9.349999900000011,11.199999700000035
2021-08-04,0.1,208.0,187.20000009999998,23.0,41.8,18.799999999999997,False,True,48.89999910000016,61.19999880000021
2021-08-04,0.2,208.0,183.13333343333332,23.0,42.8,19.799999999999997,False,True,99.59999760000032,129.59999760000034
2021-08-05,0.0,207.0,207.0,23.0,23.0,0.0,True,False,0.0,0.0
2021-08-05,0.05,207.0,196.6500001,23.0,32.3499999,9.3499999,False,True,9.5499998,11.6999998
2021-08-05,0.1,207.0,186.3000001,23.0,42.7,19.700000000000003,False,True,35.79999939999996,45.899999199999954
2021-08-05,0.2,207.0,180.47500010000002,23.0,42.7,19.700000000000003,False,True,94.92499829999971,128.52499749999956
2021-08-06,0.0,208.0,208.0,24.0,24.0,0.0,True,False,0.0,0.0
2021-08-06,0.05,208.0,197.6000001,24.0,34.39999990000001,10.399999900000012,False,True,9.199999900000012,11.199999700000035
2021-08-06,0.1,208.0,187.20000009999998,24.0,44.8,20.799999999999997,False,True,48.39999910000015,61.19999880000021
2021-08-06,0.2,208.0,183.13333343333332,24.0,44.8,20.799999999999997,False,True,97.99999760000031,129.59999760000034
2021-08-07,0.0,23.0,23.0,24.0,24.0,0.0,True,False,0.0,0.0
2021-08-07,0.05,23.0,23.0,24.0,24.0,0.0,True,False,0.0,0.0
2021-08-07,0.1,23.0,23.0,24.0,24.0,0.0,True,False,0.0,0.0
2021-08-07,0.2,23.0,23.0,24.0,24.0,0.0,True,False,0.0,0.0
2021-08-08,0.0,23.0,23.0,23.0,23.0,0.0,True,False,0.0,0.0
2021-08-08,0.05,23.0,23.0,23.0,23.0,0.0,True,False,0.0,0.0
2021-08-08,0.1,23.0,23.0,23.0,23.0,0.0,True,False,0.0,0.0
2021-08-08,0.2,23.0,23.0,23.0,23.0,0.0,True,False,0.0,0.0
2021-08-09,0.0,23.0,23.0,193.0,193.0,0.0,True,False,0.0,0.0
2021-08-09,0.05,23.0,23.0,193.0,193.0,0.0,True,False,0.0,0.0
2021-08-09,0.1,23.0,23.0,193.0,193.0,0.0,True,False,0.0,0.0
2021-08-09,0.2,23.0,23.0,193.0,193.0,0.0,True,False,0.0,0.0
2021-08-10,0.0,23.0,23.0,185.0,185.0,0.0,True,False,0.0,0.0
2021-08-10,0.05,23.0,23.0,185.0,185.0,0.0,True,False,0.0,0.0
2021-08-10,0.1,23.0,23.0,185.0,185.0,0.0,True,False,0.0,0.0
2021-08-10,0.2,23.0,23.0,185.0,185.0,0.0,True,False,0.0,0.0
2021-08-11,0.0,23.0,23.0,203.0,203.0,0.0,True,False,0.0,0.0
2021-08-11,0.05,23.0,23.0,203.0,203.0,0.0,True,False,0.0,0.0
2021-08-11,0.1,23.0,23.0,203.0,203.0,0.0,True,False,0.0,0.0
2021-08-11,0.2,23.0,23.0,203.0,203.0,0.0,True,False,0.0,0.0
2021-08-12,0.0,23.0,23.0,188.0,188.0,0.0,True,False,0.0,0.0
2021-08-12,0.05,23.0,23.0,188.0,188.0,0.0,True,False,0.0,0.0
2021-08-12,0.1,23.0,23.0,188.0,188.0,0.0,True,False,0.0,0.0
2021-08-12,0.2,23.0,23.0,188.0,188.0,0.0,True,False,0.0,0.0
2021-08-13,0.0,24.0,24.0,196.0,196.0,0.0,True,False,0.0,0.0
2021-08-13,0.05,24.0,23.0000001,196.0,196.0,0.0,True,True,0.0,4.999999399999993
2021-08-13,0.1,24.0,23.0000001,196.0,196.0,0.0,True,True,0.0,4.999999399999993
2021-08-13,0.2,24.0,23.0000001,196.0,196.0,0.0,True,True,0.0,4.999999399999993
2021-08-14,0.0,24.0,24.0,107.0,107.0,0.0,True,False,0.0,0.0
2021-08-14,0.05,24.0,23.0000001,107.0,107.0,0.0,True,True,0.0,0.9999998999999988
2021-08-14,0.1,24.0,23.0000001,107.0,107.0,0.0,True,True,0.0,0.9999998999999988
2021-08-14,0.2,24.0,23.0000001,107.0,107.0,0.0,True,True,0.0,0.9999998999999988
2021-08-15,0.0,23.0,23.0,23.0,23.0,0.0,True,False,0.0,0.0
2021-08-15,0.05,23.0,23.0,23.0,23.0,0.0,True,False,0.0,0.0
2021-08-15,0.1,23.0,23.0,23.0,23.0,0.0,True,False,0.0,0.0
2021-08-15,0.2,23.0,23.0,23.0,23.0,0.0,True,False,0.0,0.0
2021-08-16,0.0,193.0,193.0,183.0,183.0,0.0,True,False,0.0,0.0
2021-08-16,0.05,193.0,183.3500001,183.0,175.3500001,-7.649999900000012,False,True,0.9499999000000106,21.599999600000046
2021-08-16,0.1,193.0,175.6400001,183.0,167.6400001,-15.359999899999991,False,True,9.719998799999887,114.69999799999982
2021-08-16,0.2,193.0,173.97500010000002,183.0,165.97500010000002,-17.024999899999983,False,True,3.0749992999998774,155.22499749999957
2021-08-17,0.0,185.0,185.0,169.0,169.0,0.0,True,False,0.0,0.0
2021-08-17,0.05,185.0,175.7500001,169.0,166.2499999,-2.750000099999994,False,True,1.8999998000000105,30.999999600000024
2021-08-17,0.1,185.0,170.7800001,169.0,165.7800001,-3.219999900000005,False,True,1.8999995000000247,72.45999820000009
2021-08-17,0.2,185.0,168.1250001,169.0,163.1250001,-5.874999900000006,True,True,0.0,135.87499750000015
2021-08-18,0.0,203.0,203.0,179.0,179.0,0.0,True,False,0.0,0.0
2021-08-18,0.05,203.0,192.8500001,179.0,179.1499999,0.14999990000001162,False,True,1.9999999000000113,10.149999900000012
2021-08-18,0.1,203.0,182.70000009999998,179.0,174.70000009999998,-4.299999900000017,False,True,3.9999999000000166,26.499999500000087
2021-08-18,0.2,203.0,172.96666676666666,179.0,189.96666676666666,10.966666766666663,True,True,0.0,165.83332993333346
2021-08-19,0.0,188.0,188.0,177.0,177.0,0.0,True,False,0.0,0.0
2021-08-19,0.05,188.0,178.6000001,177.0,171.6000001,-5.399999900000012,False,True,0.549999900000012,25.599999600000046
2021-08-19,0.1,188.0,169.8600001,177.0,174.8600001,-2.1399998999999923,False,True,0.7599995999999685,127.65999709999977
2021-08-19,0.2,188.0,169.8600001,177.0,174.8600001,-2.1399998999999923,True,True,0.0,127.65999709999977
2021-08-20,0.0,196.0,196.0,187.0,187.0,0.0,True,False,0.0,0.0
2021-08-20,0.05,196.0,186.20000009999998,187.0,177.20000009999998,-9.799999900000017,False,True,1.6999998000000343,24.19999960000007
2021-08-20,0.1,196.0,177.90000009999997,187.0,171.9000001,-15.0999999,False,True,1.5999994000001685,114.09999710000082
2021-08-20,0.2,196.0,176.30000009999998,187.0,170.30000009999998,-16.699999900000023,True,True,0.0,167.19999660000076
2021-08-21,0.0,107.0,107.0,104.0,104.0,0.0,True,False,0.0,0.0
2021-08-21,0.05,107.0,107.0,104.0,104.0,0.0,True,False,0.0,0.0
2021-08-21,0.1,107.0,107.0,104.0,104.0,0.0,True,False,0.0,0.0
2021-08-21,0.2,107.0,107.0,104.0,104.0,0.0,True,False,0.0,0.0
2021-08-22,0.0,23.0,23.0,25.0,25.0,0.0,True,False,0.0,0.0
2021-08-22,0.05,23.0,23.0,25.0,25.0,0.0,True,False,0.0,0.0
2021-08-22,0.1,23.0,23.0,25.0,25.0,0.0,True,False,0.0,0.0
2021-08-22,0.2,23.0,23.0,25.0,25.0,0.0,True,False,0.0,0.0
2021-08-23,0.0,183.0,183.0,184.0,184.0,0.0,True,False,0.0,0.0
2021-08-23,0.05,183.0,173.8500001,184.0,184.0,0.0,False,True,0.14999990000001162,9.299999800000023
2021-08-23,0.1,183.0,164.70000009999998,184.0,193.70000009999998,9.700000099999983,False,True,0.2999999000000173,27.599999800000035
2021-08-23,0.2,183.0,151.05000009999998,184.0,197.14999950000012,13.14999950000012,True,True,0.0,105.54999890000025
2021-08-24,0.0,169.0,169.0,187.0,187.0,0.0,True,False,0.0,0.0
2021-08-24,0.05,169.0,160.5500001,187.0,185.5500001,-1.4499998999999946,True,True,0.0,16.249999499999973
2021-08-24,0.1,169.0,152.2000001,187.0,184.2000001,-2.799999899999989,True,True,0.0,95.99999709999966
2021-08-24,0.2,169.0,151.03000009999997,187.0,183.03000009999997,-3.969999900000033,True,True,0.0,135.0799966000011
2021-08-25,0.0,179.0,179.0,177.0,177.0,0.0,True,False,0.0,0.0
2021-08-25,0.05,179.0,170.0500001,177.0,177.0,0.0,False,True,0.09999989999999492,12.849999699999984
2021-08-25,0.1,179.0,161.1000001,177.0,179.1000001,2.1000000999999884,False,True,0.2999999000000102,93.39999800000022
2021-08-25,0.2,179.0,160.3300001,177.0,178.3300001,1.3300001000000066,True,True,0.0,108.79999799999986
2021-08-26,0.0,177.0,177.0,195.0,195.0,0.0,True,False,0.0,0.0
2021-08-26,0.05,177.0,168.1500001,195.0,189.1500001,-5.8499999,True,True,0.0,29.2499995
2021-08-26,0.1,177.0,162.25000009999997,195.0,183.25000009999997,-11.749999900000034,True,True,0.0,106.24999650000122
2021-08-26,0.2,177.0,162.02500010000003,195.0,183.02500010000003,-11.974999899999972,True,True,0.0,113.42499649999903
2021-08-27,0.0,187.0,187.0,181.0,181.0,0.0,True,False,0.0,0.0
2021-08-27,0.05,187.0,177.6500001,181.0,181.0,0.0,False,True,0.5999999000000003,9.3499999
2021-08-27,0.1,187.0,168.3000001,181.0,178.6999999,-2.3000001000000054,False,True,1.1999998999999946,39.49999949999997
2021-08-27,0.2,187.0,160.9000001,181.0,172.9000001,-8.0999999,True,True,0.0,125.19999800000001
2021-08-28,0.0,104.0,104.0,111.0,111.0,0.0,True,False,0.0,0.0
2021-08-28,0.05,104.0,104.0,111.0,111.0,0.0,True,False,0.0,0.0
2021-08-28,0.1,104.0,104.0,111.0,111.0,0.0,True,False,0.0,0.0
2021-08-28,0.2,104.0,104.0,111.0,111.0,0.0,True,False,0.0,0.0
2021-08-29,0.0,25.0,25.0,26.0,26.0,0.0,True,False,0.0,0.0
2021-08-29,0.05,25.0,24.0000001,26.0,26.0,0.0,True,True,0.0,0.9999998999999988
2021-08-29,0.1,25.0,24.0000001,26.0,26.0,0.0,True,True,0.0,0.9999998999999988
2021-08-29,0.2,25.0,24.0000001,26.0,26.0,0.0,True,True,0.0,0.9999998999999988
2021-08-30,0.0,184.0,184.0,172.0,172.0,0.0,True,False,0.0,0.0
2021-08-30,0.05,184.0,174.8000001,172.0,175.8000001,3.8000001000000054,False,True,1.8999996999999826,39.59999899999994
2021-08-30,0.1,184.0,168.6250001,172.0,180.62500010000002,8.625000100000022,False,True,3.1999999999999993,105.9249981000001
2021-08-30,0.2,184.0,168.4250001,172.0,180.4250001,8.425000100000005,True,True,0.0,109.47499789999988
2021-08-31,0.0,187.0,187.0,182.0,182.0,0.0,True,False,0.0,0.0
2021-08-31,0.05,187.0,177.6500001,182.0,182.6500001,0.6500000999999997,False,True,0.9999999000000006,32.7499995
2021-08-31,0.1,187.0,170.96250010000003,182.0,175.96250010000003,-6.037499899999972,False,True,3.4999991999997757,100.24999799999944
2021-08-31,0.2,187.0,170.77500010000003,182.0,175.77500010000003,-6.224999899999972,True,True,0.0,103.99999799999944
2021-09-01,0.0,177.0,177.0,185.0,185.0,0.0,True,False,0.0,0.0
2021-09-01,0.05,177.0,168.1500001,185.0,182.1500001,-2.8499999000000003,True,True,0.0,42.4999988
2021-09-01,0.1,177.0,163.8000001,185.0,177.8000001,-7.199999899999995,False,True,0.39999909999995253,118.69999689999985
2021-09-01,0.2,177.0,163.6900001,185.0,177.6900001,-7.309999900000008,True,True,0.0,121.31999680000027
2021-09-02,0.0,195.0,195.0,192.0,192.0,0.0,True,False,0.0,0.0
2021-09-02,0.05,195.0,185.2500001,192.0,192.2500001,0.25000009999999406,False,True,0.5499999000000049,15.249999700000018
2021-09-02,0.1,195.0,175.5000001,192.0,182.5000001,-9.499999900000006,False,True,2.8999999000000045,111.69999740000016
2021-09-02,0.2,195.0,174.85714295714286,192.0,181.85714295714286,-10.142857042857145,True,True,0.0,132.49999650000007
2021-09-03,0.0,181.0,181.0,187.0,187.0,0.0,True,False,0.0,0.0
2021-09-03,0.05,181.0,171.95000009999998,187.0,183.95000009999998,-3.0499999000000173,False,True,0.5499999000000173,17.19999960000007
2021-09-03,0.1,181.0,164.1000001,187.0,177.1000001,-9.899999900000012,False,True,0.39999950000005313,88.69999820000021
2021-09-03,0.2,181.0,161.67500009999998,187.0,174.67500009999998,-12.324999900000023,True,True,0.0,141.6499974000006
2021-09-04,0.0,111.0,111.0,111.0,111.0,0.0,True,False,0.0,0.0
2021-09-04,0.05,111.0,111.0,111.0,111.0,0.0,True,False,0.0,0.0
2021-09-04,0.1,111.0,111.0,111.0,111.0,0.0,True,False,0.0,0.0
2021-09-04,0.2,111.0,111.0,111.0,111.0,0.0,True,False,0.0,0.0
2021-09-05,0.0,26.0,26.0,25.0,25.0,0.0,True,False,0.0,0.0
2021-09-05,0.05,26.0,24.7000001,25.0,25.0,0.0,False,True,0.1499998999999994,1.2999998999999995
2021-09-05,0.1,26.0,23.4000001,25.0,26.4000001,1.4000000999999997,False,True,0.2999999,3.1999998000000005
2021-09-05,0.2,26.0,22.0000001,25.0,25.0000001,1.0000000116860974e-07,True,True,0.0,13.799998099999979
2021-09-06,0.0,172.0,172.0,176.0,176.0,0.0,True,False,0.0,0.0
2021-09-06,0.05,172.0,163.4000001,176.0,168.4000001,-7.5999999,False,True,2.449999899999999,63.5999987
2021-09-06,0.1,172.0,161.28888898888889,176.0,166.28888898888889,-9.711111011111115,False,True,1.7111101111111449,101.13333123333341
2021-09-06,0.2,172.0,161.24444454444446,176.0,166.24444454444446,-9.755555455555537,True,True,0.0,102.06666456666629
2021-09-07,0.0,182.0,182.0,182.0,182.0,0.0,True,False,0.0,0.0
2021-09-07,0.05,182.0,172.9000001,182.0,179.9000001,-2.0999999000000003,True,True,0.0,13.2999997
2021-09-07,0.1,182.0,163.8000001,182.0,172.8000001,-9.199999899999995,True,True,0.0,70.19999879999993
2021-09-07,0.2,182.0,160.64000009999998,182.0,169.64000009999998,-12.35999990000002,True,True,0.0,120.75999790000041
2021-09-08,0.0,185.0,185.0,171.0,171.0,0.0,True,False,0.0,0.0
2021-09-08,0.05,185.0,175.7500001,171.0,167.7500001,-3.249999900000006,False,True,1.6499999000000054,35.249998900000065
2021-09-08,0.1,185.0,170.51250009999998,171.0,171.51250009999998,0.5125000999999827,False,True,3.562498900000188,112.1374971000005
2021-09-08,0.2,185.0,170.2500001,171.0,171.2500001,0.25000009999999406,True,True,0.0,119.74999710000017
2021-09-09,0.0,192.0,192.0,174.0,174.0,0.0,True,False,0.0,0.0
2021-09-09,0.05,192.0,182.4000001,174.0,174.0,0.0,False,True,1.3499999000000003,11.1999998
2021-09-09,0.1,192.0,172.8000001,174.0,178.1999999,4.199999899999995,False,True,2.6999998999999946,55.79999899999994
2021-09-09,0.2,192.0,168.34000009999997,174.0,174.34000009999997,0.34000009999996905,True,True,0.0,116.05999790000064
2021-09-10,0.0,187.0,187.0,184.0,184.0,0.0,True,False,0.0,0.0
2021-09-10,0.05,187.0,177.6500001,184.0,184.0,0.0,False,True,0.29999989999999954,9.6999998
2021-09-10,0.1,187.0,168.3000001,184.0,181.3000001,-2.6999998999999946,False,True,0.5999998999999931,33.49999949999997
2021-09-10,0.2,187.0,160.53333343333335,184.0,177.53333343333335,-6.466666566666646,True,True,0.0,131.33332983333264
2021-09-11,0.0,111.0,111.0,97.0,97.0,0.0,True,False,0.0,0.0
2021-09-11,0.05,111.0,111.0,97.0,97.0,0.0,True,False,0.0,0.0
2021-09-11,0.1,111.0,111.0,97.0,97.0,0.0,True,False,0.0,0.0
2021-09-11,0.2,111.0,111.0,97.0,97.0,0.0,True,False,0.0,0.0
2021-09-12,0.0,25.0,25.0,25.0,25.0,0.0,True,False,0.0,0.0
2021-09-12,0.05,25.0,24.0000001,25.0,25.0,0.0,True,True,0.0,0.9999998999999988
2021-09-12,0.1,25.0,24.0000001,25.0,25.0,0.0,True,True,0.0,0.9999998999999988
2021-09-12,0.2,25.0,24.0000001,25.0,25.0,0.0,True,True,0.0,0.9999998999999988
2021-09-13,0.0,176.0,176.0,185.0,185.0,0.0,True,False,0.0,0.0
2021-09-13,0.05,176.0,167.20000009999998,185.0,193.20000009999998,8.200000099999983,True,True,0.0,16.399999700000052
2021-09-13,0.1,176.0,158.4000001,185.0,184.4000001,-0.5999999000000003,True,True,0.0,64.59999859999999
2021-09-13,0.2,176.0,155.5500001,185.0,184.5500001,-0.44999989999999457,True,True,0.0,106.29999779999987
2021-09-14,0.0,182.0,182.0,174.0,174.0,0.0,True,False,0.0,0.0
2021-09-14,0.05,182.0,172.9000001,174.0,173.9000001,-0.09999990000000025,False,True,1.1999999,18.3999996
2021-09-14,0.1,182.0,163.8000001,174.0,165.8000001,-8.199999899999995,False,True,3.7999997999999877,87.19999879999995
2021-09-14,0.2,182.0,162.45714295714285,174.0,164.45714295714285,-9.54285704285715,True,True,0.0,112.59999790000016
