date,fraction,from_hour,to_hour,amount
2021-08-02,0.05,8,7,2.699999700000035
2021-08-02,0.05,8,9,4.100000099999988
2021-08-02,0.05,8,10,3.1000000999999884
2021-08-02,0.05,11,12,1.8999999000000116
2021-08-02,0.1,8,7,14.000000099999983
2021-08-02,0.1,8,10,5.799999800000034
2021-08-02,0.1,9,7,5.799999900000017
2021-08-02,0.1,10,12,12.599999700000051
2021-08-02,0.1,11,12,2.5999998000000346
2021-08-02,0.1,11,13,9.200000099999983
2021-08-02,0.1,14,15,7.799999900000017
2021-08-02,0.2,8,7,14.399999800000057
2021-08-02,0.2,8,10,9.200000099999972
2021-08-02,0.2,9,7,5.400000199999944
2021-08-02,0.2,9,11,4.199999700000085
2021-08-02,0.2,10,12,19.8
2021-08-02,0.2,11,13,19.799999600000113
2021-08-02,0.2,13,15,14.399999500000142
2021-08-02,0.2,14,15,5.400000499999859
2021-08-02,0.2,14,16,6.19999940000017
2021-08-02,0.2,15,17,3.3999999000000294
2021-08-02,0.2,16,17,0.7999993000001986
2021-08-02,0.2,18,17,0.5999999000000287
2021-08-03,0.05,11,12,10.3499999
2021-08-03,0.1,8,7,7.699999899999995
2021-08-03,0.1,10,12,1.6999998999999946
2021-08-03,0.1,11,9,5.300000100000005
2021-08-03,0.1,11,12,11.099999699999984
2021-08-03,0.1,11,13,4.300000100000005
2021-08-03,0.1,14,12,1.0999996999999837
2021-08-03,0.1,14,15,7.300000100000005
2021-08-03,0.1,14,16,0.30000010000000543
2021-08-03,0.2,8,7,15.127272627272731
2021-08-03,0.2,9,7,5.572727372727272
2021-08-03,0.2,10,12,9.127272627272731
2021-08-03,0.2,11,9,3.4454547454545406
2021-08-03,0.2,11,12,11.572727372727272
2021-08-03,0.2,11,13,13.109090509090919
2021-08-03,0.2,13,15,16.23636313636365
2021-08-03,0.2,14,15,4.336364236363622
2021-08-03,0.2,14,16,11.79090839090911
2021-08-03,0.2,15,17,20.700000000000003
2021-08-03,0.2,16,18,18.91818101818184
2021-08-03,0.2,17,19,0.827272627272734
2021-08-03,0.2,18,19,9.045453645454572
2021-08-04,0.05,8,10,0.3999999000000116
2021-08-04,0.05,9,10,0.3999999000000116
2021-08-04,0.05,11,12,10.399999900000012
2021-08-04,0.1,8,7,10.000000099999983
2021-08-04,0.1,8,10,0.7999998000000339
2021-08-04,0.1,9,7,10.799999900000017
2021-08-04,0.1,10,12,1.5999997000000512
2021-08-04,0.1,11,12,19.20000029999995
2021-08-04,0.1,11,13,1.5999996000000678
2021-08-04,0.1,13,15,8.399999500000085
2021-08-04,0.1,14,16,8.799999900000017
2021-08-04,0.2,8,7,5.9333334333333205
2021-08-04,0.2,8,10,8.93333313333336
2021-08-04,0.2,9,7,14.86666656666668
2021-08-04,0.2,10,12,13.79999970000004
2021-08-04,0.2,11,12,7.000000299999961
2021-08-04,0.2,11,13,17.86666626666672
2021-08-04,0.2,13,14,7.933332833333399
2021-08-04,0.2,13,15,20.8
2021-08-04,0.2,14,16,20.79999940000008
2021-08-04,0.2,16,17,11.53333253333344
2021-08-04,0.2,16,18,0.13333343333331982
2021-08-05,0.05,9,8,1.3499999000000003
2021-08-05,0.05,11,12,10.3499999
2021-08-05,0.1,8,7,5.699999899999995
2021-08-05,0.1,9,7,12.39999969999998
2021-08-05,0.1,10,12,0.6999998999999946
2021-08-05,0.1,11,9,0.6999997999999863
2021-08-05,0.1,11,12,20.00000010000001
2021-08-05,0.1,13,15,5.699999899999995
2021-08-05,0.1,14,15,0.6999998999999946
2021-08-05,0.2,8,7,3.1750001000000196
2021-08-05,0.2,8,10,8.349999799999964
2021-08-05,0.2,9,7,17.524999899999983
2021-08-05,0.2,10,12,14.874999699999947
2021-08-05,0.2,11,12,5.825000300000056
2021-08-05,0.2,11,13,20.699999599999927
2021-08-05,0.2,13,14,11.524999499999907
2021-08-05,0.2,13,15,20.700000000000003
2021-08-05,0.2,14,16,18.04999939999989
2021-08-05,0.2,15,17,4.224999899999986
2021-08-05,0.2,16,18,3.574999299999874
2021-08-06,0.05,8,10,0.3999999000000116
2021-08-06,0.05,9,10,0.3999999000000116
2021-08-06,0.05,11,12,10.399999900000012
2021-08-06,0.1,8,7,10.000000099999983
2021-08-06,0.1,8,10,0.7999998000000339
2021-08-06,0.1,9,7,10.799999900000017
2021-08-06,0.1,10,12,1.5999997000000512
2021-08-06,0.1,11,12,19.20000029999995
2021-08-06,0.1,11,13,1.5999996000000678
2021-08-06,0.1,13,15,8.399999500000085
2021-08-06,0.1,14,16,8.799999900000017
2021-08-06,0.2,8,7,5.9333334333333205
2021-08-06,0.2,8,10,8.93333313333336
2021-08-06,0.2,9,7,14.86666656666668
2021-08-06,0.2,10,12,13.79999970000004
2021-08-06,0.2,11,12,7.000000299999961
2021-08-06,0.2,11,13,17.86666626666672
2021-08-06,0.2,13,14,7.933332833333399
2021-08-06,0.2,13,15,20.8
2021-08-06,0.2,14,16,20.79999940000008
2021-08-06,0.2,16,17,11.53333253333344
2021-08-06,0.2,16,18,0.13333343333331982
2021-08-13,0.05,10,9,0.9999998999999988
2021-08-13,0.05,11,9,0.9999998999999988
2021-08-13,0.05,12,13,0.9999996999999965
2021-08-13,0.05,12,14,2.0000000233721948e-07
2021-08-13,0.05,13,15,0.9999995999999953
2021-08-13,0.05,14,16,1.0000001000000012
2021-08-13,0.1,10,9,0.9999998999999988
2021-08-13,0.1,11,9,0.9999998999999988
2021-08-13,0.1,12,13,0.9999998999999988
2021-08-13,0.1,13,15,0.9999997999999977
2021-08-13,0.1,14,16,0.9999998999999988
2021-08-13,0.2,10,9,0.9999998999999988
2021-08-13,0.2,11,9,0.9999998999999988
2021-08-13,0.2,12,13,0.9999998999999988
2021-08-13,0.2,13,15,0.9999997999999977
2021-08-13,0.2,14,16,0.9999998999999988
2021-08-14,0.05,16,15,0.9999998999999988
2021-08-14,0.1,16,15,0.9999998999999988
2021-08-14,0.2,16,15,0.9999998999999988
2021-08-16,0.05,8,7,8.299999800000023
2021-08-16,0.05,8,10,1.3500000999999884
2021-08-16,0.05,9,7,7.649999900000012
2021-08-16,0.05,11,12,3.6499999000000116
2021-08-16,0.05,16,15,0.6499999000000116
2021-08-16,0.1,8,7,5.519999799999983
2021-08-16,0.1,8,10,11.840000100000008
2021-08-16,0.1,9,7,13.780000200000018
2021-08-16,0.1,9,11,1.5799996999999735
2021-08-16,0.1,10,12,18.2
2021-08-16,0.1,11,12,1.1000000000000014
2021-08-16,0.1,11,13,11.839999599999963
2021-08-16,0.1,13,15,18.199999499999954
2021-08-16,0.1,14,15,1.1000005000000463
2021-08-16,0.1,14,16,6.259999399999945
2021-08-16,0.1,15,17,10.659999899999992
2021-08-16,0.1,16,18,14.619999299999936
2021-08-16,0.2,8,7,7.749999799999966
2021-08-16,0.2,8,10,11.275000100000018
2021-08-16,0.2,9,7,11.550000200000035
2021-08-16,0.2,9,11,5.474999699999948
2021-08-16,0.2,10,12,19.3
2021-08-16,0.2,11,13,18.49999959999993
2021-08-16,0.2,13,14,7.224999499999914
2021-08-16,0.2,13,15,19.3
2021-08-16,0.2,14,16,16.249999399999897
2021-08-16,0.2,15,17,12.324999899999984
2021-08-16,0.2,16,17,6.9749992999998796
2021-08-16,0.2,16,18,19.3
2021-08-17,0.05,8,7,6.499999800000012
2021-08-17,0.05,8,10,0.7500000999999941
2021-08-17,0.05,9,7,9.249999900000006
2021-08-17,0.05,11,12,9.249999900000006
2021-08-17,0.05,13,14,5.249999900000006
2021-08-17,0.1,8,7,4.280000099999995
2021-08-17,0.1,8,10,7.93999980000001
2021-08-17,0.1,9,7,14.219999900000005
2021-08-17,0.1,10,12,12.159999700000014
2021-08-17,0.1,11,12,6.340000299999986
2021-08-17,0.1,11,13,7.879999600000019
2021-08-17,0.1,13,14,2.319999400000029
2021-08-17,0.1,13,15,15.780000099999995
2021-08-17,0.1,14,16,1.5399993000000336
2021-08-17,0.2,8,7,3.249999800000012
2021-08-17,0.2,8,10,11.625000099999994
2021-08-17,0.2,9,7,15.250000199999988
2021-08-17,0.2,9,11,1.6249997000000178
2021-08-17,0.2,10,12,18.5
2021-08-17,0.2,11,13,18.499999600000024
2021-08-17,0.2,13,14,12.87499950000003
2021-08-17,0.2,13,15,18.5
2021-08-17,0.2,14,16,14.749999400000036
2021-08-17,0.2,15,17,5.374999900000006
2021-08-17,0.2,16,17,12.499999200000047
2021-08-17,0.2,16,18,3.125000099999994
2021-08-18,0.05,8,9,10.149999900000012
2021-08-18,0.1,8,7,17.899999700000052
2021-08-18,0.1,8,9,2.4000001999999654
2021-08-18,0.1,10,12,0.2999999000000173
2021-08-18,0.1,11,9,1.2999999000000173
2021-08-18,0.1,13,12,0.2999999000000173
2021-08-18,0.1,14,15,4.299999900000017
2021-08-18,0.2,8,7,19.766666466666674
2021-08-18,0.2,8,10,10.266666766666663
2021-08-18,0.2,9,7,0.5333335333333267
2021-08-18,0.2,9,11,5.499999700000011
2021-08-18,0.2,10,12,20.3
2021-08-18,0.2,11,13,16.533332933333348
2021-08-18,0.2,13,14,6.266666166666685
2021-08-18,0.2,13,15,20.3
2021-08-18,0.2,14,16,20.299999400000022
2021-08-18,0.2,15,17,0.3333332333333381
2021-08-18,0.2,16,17,19.966666766666663
2021-08-18,0.2,16,18,9.366665866666697
2021-08-18,0.2,18,19,16.399999100000034
2021-08-19,0.05,8,7,6.799999800000023
2021-08-19,0.05,8,10,1.6000000999999884
2021-08-19,0.05,9,7,2.3999999000000116
2021-08-19,0.05,11,12,9.399999900000012
2021-08-19,0.05,14,16,5.399999900000012
2021-08-19,0.1,8,7,7.660000100000008
2021-08-19,0.1,8,10,9.479999799999984
2021-08-19,0.1,9,7,11.139999899999992
2021-08-19,0.1,10,12,16.619999699999976
2021-08-19,0.1,11,12,2.1800003000000245
2021-08-19,0.1,11,13,15.959999599999968
2021-08-19,0.1,13,15,16.09999949999996
2021-08-19,0.1,14,15,2.7000005000000407
2021-08-19,0.1,14,16,11.439999399999952
2021-08-19,0.1,15,17,13.939999899999993
2021-08-19,0.1,16,17,4.860000100000008
2021-08-19,0.1,16,18,6.719999199999936
2021-08-19,0.1,18,19,8.859999099999929
2021-08-19,0.2,8,7,7.660000100000008
2021-08-19,0.2,8,10,9.479999799999984
2021-08-19,0.2,9,7,11.139999899999992
2021-08-19,0.2,10,12,16.619999699999976
2021-08-19,0.2,11,12,2.1800003000000245
2021-08-19,0.2,11,13,15.959999599999968
2021-08-19,0.2,13,15,16.09999949999996
2021-08-19,0.2,14,15,2.7000005000000407
2021-08-19,0.2,14,16,11.439999399999952
2021-08-19,0.2,15,17,13.939999899999993
2021-08-19,0.2,16,17,4.860000100000008
2021-08-19,0.2,16,18,6.719999199999936
2021-08-19,0.2,18,19,8.859999099999929
2021-08-20,0.05,8,7,7.599999800000035
2021-08-20,0.05,8,10,2.2000000999999827
2021-08-20,0.05,9,7,1.7999999000000173
2021-08-20,0.05,11,12,9.799999900000017
2021-08-20,0.05,14,16,2.7999999000000173
2021-08-20,0.1,8,7,9.500000099999973
2021-08-20,0.1,8,10,8.599999800000056
2021-08-20,0.1,9,7,10.099999900000029
2021-08-20,0.1,10,12,14.699999700000085
2021-08-20,0.1,11,12,4.900000299999917
2021-08-20,0.1,11,13,13.199999600000112
2021-08-20,0.1,13,15,18.29999950000014
2021-08-20,0.1,14,15,1.300000499999861
2021-08-20,0.1,14,16,9.799999400000168
2021-08-20,0.1,15,17,8.69999990000003
2021-08-20,0.1,16,17,10.900000099999971
2021-08-20,0.1,16,18,3.999999200000225
2021-08-20,0.1,18,19,0.0999991000002538
2021-08-20,0.2,8,7,7.900000099999978
2021-08-20,0.2,8,10,11.799999800000045
2021-08-20,0.2,9,7,11.699999900000023
2021-08-20,0.2,10,12,19.499999700000068
2021-08-20,0.2,11,12,0.10000029999993387
2021-08-20,0.2,11,13,19.59999960000009
2021-08-20,0.2,13,14,6.699999500000111
2021-08-20,0.2,13,15,19.6
2021-08-20,0.2,14,16,19.399999400000134
2021-08-20,0.2,15,17,10.299999900000024
2021-08-20,0.2,16,17,9.300000099999977
2021-08-20,0.2,16,18,16.79999920000018
2021-08-20,0.2,18,19,14.499999100000203
2021-08-23,0.05,8,7,0.14999990000001162
2021-08-23,0.05,9,7,9.149999900000012
2021-08-23,0.1,8,7,9.299999900000017
2021-08-23,0.1,9,10,8.599999800000035
2021-08-23,0.1,9,11,9.700000099999983
2021-08-23,0.2,8,7,4.649999900000022
2021-08-23,0.2,8,10,18.3
2021-08-23,0.2,9,7,13.650000099999978
2021-08-23,0.2,9,11,18.299999800000045
2021-08-23,0.2,10,12,11.249999900000024
2021-08-23,0.2,11,12,7.050000099999977
2021-08-23,0.2,11,13,15.19999960000009
2021-08-23,0.2,13,15,17.149999500000114
2021-08-24,0.05,8,10,3.4499998999999946
2021-08-24,0.05,9,10,2.4499998999999946
2021-08-24,0.05,11,12,8.449999899999995
2021-08-24,0.05,13,15,1.4499998999999946
2021-08-24,0.05,14,16,0.44999989999999457
2021-08-24,0.1,8,7,6.100000100000013
2021-08-24,0.1,8,10,5.699999799999976
2021-08-24,0.1,9,7,10.799999899999989
2021-08-24,0.1,10,12,6.4999996999999645
2021-08-24,0.1,11,12,10.400000300000038
2021-08-24,0.1,11,13,6.399999599999951
2021-08-24,0.1,13,15,16.19999949999994
2021-08-24,0.1,14,15,0.700000500000062
2021-08-24,0.1,14,16,8.099999399999927
2021-08-24,0.1,15,17,14.699999899999991
2021-08-24,0.1,16,17,2.200000100000011
2021-08-24,0.1,16,18,5.699999199999905
2021-08-24,0.1,18,19,2.4999990999998936
2021-08-24,0.2,8,7,4.930000099999969
2021-08-24,0.2,8,10,8.039999800000064
2021-08-24,0.2,9,7,11.969999900000033
2021-08-24,0.2,10,12,10.009999700000098
2021-08-24,0.2,11,12,6.890000299999905
2021-08-24,0.2,11,13,11.079999600000129
2021-08-24,0.2,13,14,5.14999950000016
2021-08-24,0.2,13,15,16.900000000000002
2021-08-24,0.2,14,16,15.119999400000193
2021-08-24,0.2,15,17,15.869999900000035
2021-08-24,0.2,16,17,1.0300000999999668
2021-08-24,0.2,16,18,15.05999920000026
2021-08-24,0.2,18,19,13.029999100000293
2021-08-25,0.05,11,12,2.9499998999999946
2021-08-25,0.05,13,12,0.8999997999999891
2021-08-25,0.05,13,15,0.05000010000000543
2021-08-25,0.05,14,12,4.899999799999989
2021-08-25,0.05,14,16,4.050000100000005
2021-08-25,0.1,8,7,1.8999999000000116
2021-08-25,0.1,9,7,16.00000009999999
2021-08-25,0.1,11,9,8.100000199999979
2021-08-25,0.1,11,10,2.1000000999999884
2021-08-25,0.1,11,12,1.6999996000000444
2021-08-25,0.1,13,12,9.899999900000012
2021-08-25,0.1,14,12,6.300000499999946
2021-08-25,0.1,14,15,8.100000099999988
2021-08-25,0.1,14,16,3.499999300000077
2021-08-25,0.1,15,17,17.0
2021-08-25,0.1,16,17,0.9000000000000021
2021-08-25,0.1,16,18,7.499999200000087
2021-08-25,0.1,18,19,10.399999100000098
2021-08-25,0.2,8,7,2.6699998999999934
2021-08-25,0.2,9,7,15.230000100000009
2021-08-25,0.2,11,9,6.560000200000015
2021-08-25,0.2,11,10,1.3300001000000066
2021-08-25,0.2,11,12,4.779999599999972
2021-08-25,0.2,13,12,2.4399997999999847
2021-08-25,0.2,13,15,8.230000100000009
2021-08-25,0.2,14,12,10.680000600000046
2021-08-25,0.2,14,16,7.989999299999948
2021-08-25,0.2,15,17,17.900000000000002
2021-08-25,0.2,16,18,13.659999199999941
2021-08-25,0.2,18,19,17.329999099999934
2021-08-26,0.05,8,7,0.6999998000000005
2021-08-26,0.05,8,10,5.1500001
2021-08-26,0.05,9,7,5.8499999
2021-08-26,0.05,11,12,8.8499999
2021-08-26,0.05,14,12,6.399999600000001
2021-08-26,0.05,14,16,0.45000029999999924
2021-08-26,0.05,15,13,0.15000009999999975
2021-08-26,0.05,15,16,1.6999998000000005
2021-08-26,0.1,8,7,5.950000099999965
2021-08-26,0.1,8,10,5.799999800000069
2021-08-26,0.1,9,7,11.749999900000034
2021-08-26,0.1,10,12,6.549999700000104
2021-08-26,0.1,11,12,11.150000299999896
2021-08-26,0.1,11,13,3.599999600000139
2021-08-26,0.1,13,14,0.09999940000020757
2021-08-26,0.1,13,15,9.250000099999966
2021-08-26,0.1,14,16,12.849999300000242
2021-08-26,0.1,15,17,17.0
2021-08-26,0.1,16,17,0.6999999999999993
2021-08-26,0.1,16,18,15.899999200000277
2021-08-26,0.1,18,19,5.649999100000311
2021-08-26,0.2,8,7,5.7250001000000275
2021-08-26,0.2,8,10,6.249999799999944
2021-08-26,0.2,9,7,11.974999899999972
2021-08-26,0.2,10,12,7.224999699999916
2021-08-26,0.2,11,12,10.475000300000083
2021-08-26,0.2,11,13,4.499999599999889
2021-08-26,0.2,13,14,0.7499993999998331
2021-08-26,0.2,13,15,9.725000100000027
2021-08-26,0.2,14,16,13.724999299999805
2021-08-26,0.2,15,17,17.7
2021-08-26,0.2,16,18,17.699999199999777
2021-08-26,0.2,18,19,7.674999099999749
2021-08-27,0.05,11,12,9.3499999
2021-08-27,0.1,8,9,2.6999998999999946
2021-08-27,0.1,11,10,8.69999979999999
2021-08-27,0.1,11,12,10.000000100000005
2021-08-27,0.1,13,12,8.699999899999995
2021-08-27,0.1,14,15,6.699999899999995
2021-08-27,0.1,16,17,2.6999998999999946
2021-08-27,0.2,8,7,10.0999999
2021-08-27,0.2,9,7,8.600000099999999
2021-08-27,0.2,11,9,4.500000199999999
2021-08-27,0.2,11,10,3.9000000999999997
2021-08-27,0.2,11,12,17.6999996
2021-08-27,0.2,13,15,16.0999999
2021-08-27,0.2,14,12,1.0000003999999976
2021-08-27,0.2,14,15,2.600000099999999
2021-08-27,0.2,14,16,10.499999400000004
2021-08-27,0.2,15,17,16.7999999
2021-08-27,0.2,16,17,1.9000000999999997
2021-08-27,0.2,16,18,18.699999200000004
2021-08-27,0.2,18,19,12.799999100000004
2021-08-29,0.05,16,15,0.9999998999999988
2021-08-29,0.1,16,15,0.9999998999999988
2021-08-29,0.2,16,15,0.9999998999999988
2021-08-30,0.05,9,7,5.199999899999995
2021-08-30,0.05,11,10,4.800000100000005
2021-08-30,0.05,11,12,4.399999799999989
2021-08-30,0.05,13,12,7.600000400000024
2021-08-30,0.05,13,15,1.5999994999999707
2021-08-30,0.05,14,12,6.399999799999989
2021-08-30,0.05,14,16,2.8000001000000054
2021-08-30,0.05,15,17,6.799999399999965
2021-08-30,0.1,8,7,0.3999992000000461
2021-08-30,0.1,9,7,18.0
2021-08-30,0.1,10,8,2.02499930000004
2021-08-30,0.1,11,9,6.625000099999994
2021-08-30,0.1,11,10,0.6499994000000342
2021-08-30,0.1,11,12,8.100000399999978
2021-08-30,0.1,13,12,10.299999600000024
2021-08-30,0.1,13,15,5.0750002999999815
2021-08-30,0.1,14,15,1.5499998000000126
2021-08-30,0.1,14,16,13.825000099999993
2021-08-30,0.1,15,17,18.0
2021-08-30,0.1,16,17,0.40000000000000213
2021-08-30,0.1,16,18,16.799999999999997
2021-08-30,0.1,18,19,4.174999900000003
2021-08-30,0.2,9,7,18.400000000000002
2021-08-30,0.2,10,8,1.4250001000000054
2021-08-30,0.2,10,9,0.14999979999998914
2021-08-30,0.2,11,9,6.675000300000018
2021-08-30,0.2,11,12,8.899999599999976
2021-08-30,0.2,13,12,9.500000400000026
2021-08-30,0.2,13,15,6.074999499999969
2021-08-30,0.2,14,15,0.750000600000039
2021-08-30,0.2,14,16,14.824999299999956
2021-08-30,0.2,15,17,18.400000000000002
2021-08-30,0.2,16,18,18.39999919999995
2021-08-30,0.2,18,19,5.974999099999945
2021-08-31,0.05,8,7,2.6999998000000005
2021-08-31,0.05,8,10,6.6500001
2021-08-31,0.05,9,7,3.3499999000000003
2021-08-31,0.05,11,12,5.3499999
2021-08-31,0.05,14,12,8.3499999
2021-08-31,0.05,16,15,2.6500000999999997
2021-08-31,0.05,16,17,3.6999998000000005
2021-08-31,0.1,8,7,8.662500100000027
2021-08-31,0.1,8,10,7.374999799999944
2021-08-31,0.1,9,7,10.037499899999972
2021-08-31,0.1,10,12,7.412499699999916
2021-08-31,0.1,11,12,11.287500300000083
2021-08-31,0.1,11,13,0.7499995999998887
2021-08-31,0.1,13,15,3.7874994999998606
2021-08-31,0.1,14,15,9.675000600000168
2021-08-31,0.1,14,16,5.362499299999804
2021-08-31,0.1,15,17,17.5
2021-08-31,0.1,16,18,18.399999199999776
2021-08-31,0.2,8,7,8.475000100000027
2021-08-31,0.2,8,10,7.749999799999944
2021-08-31,0.2,9,7,10.224999899999972
2021-08-31,0.2,10,12,7.974999699999916
2021-08-31,0.2,11,12,10.725000300000083
2021-08-31,0.2,11,13,1.4999995999998887
2021-08-31,0.2,13,15,4.724999499999861
2021-08-31,0.2,14,15,9.750000600000167
2021-08-31,0.2,14,16,5.474999299999805
2021-08-31,0.2,15,17,18.7
2021-08-31,0.2,16,18,18.699999199999777
2021-09-01,0.05,8,7,5.8499999
2021-09-01,0.05,9,7,6.2499993000000025
2021-09-01,0.05,10,12,8.8499999
2021-09-01,0.05,11,9,3.3999994000000022
2021-09-01,0.05,11,12,1.450000499999998
2021-09-01,0.05,13,12,5.8499999
2021-09-01,0.05,14,12,1.5499997000000008
2021-09-01,0.05,14,16,7.3000001999999995
2021-09-01,0.05,15,17,0.8499999000000003
2021-09-01,0.05,16,18,1.1500000999999997
2021-09-01,0.1,8,7,10.199999899999995
2021-09-01,0.1,9,7,7.500000100000005
2021-09-01,0.1,10,9,0.30000020000001015
2021-09-01,0.1,10,12,12.899999699999984
2021-09-01,0.1,11,12,4.800000300000015
2021-09-01,0.1,11,13,4.39999959999998
2021-09-01,0.1,13,14,2.8999993999999667
2021-09-01,0.1,13,15,11.700000100000008
2021-09-01,0.1,14,16,16.09999929999996
2021-09-01,0.1,15,17,16.900000000000002
2021-09-01,0.1,16,17,0.7999999999999972
2021-09-01,0.1,16,18,13.499999199999959
2021-09-01,0.1,18,19,16.699999099999953
2021-09-01,0.2,8,7,10.309999900000008
2021-09-01,0.2,9,7,7.390000099999991
2021-09-01,0.2,10,9,0.08000019999998287
2021-09-01,0.2,10,12,13.229999700000025
2021-09-01,0.2,11,12,4.470000299999974
2021-09-01,0.2,11,13,4.839999600000034
2021-09-01,0.2,13,15,15.149999500000042
2021-09-01,0.2,14,16,13.309999900000008
2021-09-01,0.2,15,16,2.7599994000000514
2021-09-01,0.2,15,17,17.7
2021-09-01,0.2,16,18,14.379999200000068
2021-09-01,0.2,17,19,0.0099999000000075
2021-09-01,0.2,18,19,17.689999100000076
2021-09-02,0.05,9,7,4.499999800000012
2021-09-02,0.05,9,10,5.250000099999994
2021-09-02,0.05,11,12,2.749999900000006
2021-09-02,0.05,15,13,2.250000099999994
2021-09-02,0.05,15,14,0.25000009999999406
2021-09-02,0.05,15,16,0.2499997000000178
2021-09-02,0.1,8,10,7.499999800000012
2021-09-02,0.1,9,7,19.499999900000006
2021-09-02,0.1,10,12,11.999999700000018
2021-09-02,0.1,11,12,7.500000299999982
2021-09-02,0.1,11,13,4.999999600000024
2021-09-02,0.1,13,14,6.199999400000035
2021-09-02,0.1,13,15,6.300000099999995
2021-09-02,0.1,14,16,15.69999930000004
2021-09-02,0.1,15,17,18.8
2021-09-02,0.1,16,18,13.199999200000047
2021-09-02,0.2,8,10,8.142857042857145
2021-09-02,0.2,9,7,19.5
2021-09-02,0.2,9,10,0.6428570428571447
2021-09-02,0.2,10,12,13.928571128571434
2021-09-02,0.2,11,12,5.571428871428566
2021-09-02,0.2,11,13,7.571428171428579
2021-09-02,0.2,13,14,9.357142257142868
2021-09-02,0.2,13,15,6.357142957142855
2021-09-02,0.2,14,16,19.499999300000013
2021-09-02,0.2,15,17,19.5
2021-09-02,0.2,16,18,17.642856342857158
2021-09-02,0.2,18,19,4.785713385714303
2021-09-03,0.05,8,7,6.099999800000035
2021-09-03,0.05,8,10,2.9500000999999827
2021-09-03,0.05,9,7,4.049999900000017
2021-09-03,0.05,11,12,3.0499999000000173
2021-09-03,0.05,13,14,1.0499999000000173
2021-09-03,0.1,8,7,16.89999990000001
2021-09-03,0.1,9,7,1.2000000999999898
2021-09-03,0.1,9,10,10.699999800000022
2021-09-03,0.1,10,12,15.599999700000033
2021-09-03,0.1,11,12,2.500000299999968
2021-09-03,0.1,11,13,8.399999600000044
2021-09-03,0.1,13,15,17.299999500000055
2021-09-03,0.1,14,16,0.8999999000000116
2021-09-03,0.1,15,17,15.199999400000067
2021-09-03,0.2,8,7,8.549999800000045
2021-09-03,0.2,8,10,10.775000099999978
2021-09-03,0.2,9,7,9.550000199999957
2021-09-03,0.2,9,11,4.774999700000066
2021-09-03,0.2,10,12,18.1
2021-09-03,0.2,11,13,18.09999960000009
2021-09-03,0.2,13,14,11.649999400000134
2021-09-03,0.2,13,15,17.77500009999998
2021-09-03,0.2,14,16,14.974999300000157
2021-09-03,0.2,15,17,18.1
2021-09-03,0.2,16,18,9.29999920000018
2021-09-05,0.05,17,15,0.5999997999999991
2021-09-05,0.05,17,18,0.7000001000000005
2021-09-05,0.1,17,16,0.1999998000000005
2021-09-05,0.1,17,19,2.4000000999999997
2021-09-05,0.1,18,16,0.5999999000000003
2021-09-05,0.2,12,10,1.3999992999999917
2021-09-05,0.2,14,12,1.399999399999993
2021-09-05,0.2,14,13,1.0000001000000012
2021-09-05,0.2,15,13,1.599999899999999
2021-09-05,0.2,16,14,2.3999995999999952
2021-09-05,0.2,17,15,2.6
2021-09-05,0.2,17,16,1.3999998999999987
2021-09-05,0.2,18,16,0.9999997999999977
2021-09-05,0.2,18,19,1.0000001000000012
2021-09-06,0.05,8,7,6.499999100000004
2021-09-06,0.05,9,7,8.5
2021-09-06,0.05,10,8,2.8999992000000034
2021-09-06,0.05,10,12,4.700000699999997
2021-09-06,0.05,11,9,1.9000000999999997
2021-09-06,0.05,11,12,5.6999998000000005
2021-09-06,0.05,13,12,1.0999997000000015
2021-09-06,0.05,13,15,7.500000199999999
2021-09-06,0.05,14,12,5.6999998000000005
2021-09-06,0.05,14,16,1.9000000999999997
2021-09-06,0.05,15,17,4.100000099999999
2021-09-06,0.05,16,17,8.5
2021-09-06,0.05,18,17,4.5999999
2021-09-06,0.1,8,7,5.7111110111111145
2021-09-06,0.1,9,7,11.488888988888885
2021-09-06,0.1,10,12,9.711111011111115
2021-09-06,0.1,11,9,2.7777779777777702
2021-09-06,0.1,11,12,6.933333033333344
2021-09-06,0.1,13,12,0.5555559555555405
2021-09-06,0.1,13,15,10.155555055555574
2021-09-06,0.1,14,15,7.044444944444425
2021-09-06,0.1,14,16,2.6666660666666893
2021-09-06,0.1,15,17,15.911111011111114
2021-09-06,0.1,16,17,1.2888889888888855
2021-09-06,0.1,16,18,10.088888088888918
2021-09-06,0.1,18,19,16.799999100000033
2021-09-06,0.2,8,7,5.7555554555555375
2021-09-06,0.2,9,7,11.444444544444462
2021-09-06,0.2,10,12,9.755555455555537
2021-09-06,0.2,11,9,2.6888890888889243
2021-09-06,0.2,11,12,7.066666366666613
2021-09-06,0.2,13,12,0.3777781777778486
2021-09-06,0.2,13,15,10.377777277777689
2021-09-06,0.2,14,15,6.82222272222231
2021-09-06,0.2,14,16,2.933332733333227
2021-09-06,0.2,15,17,15.955555455555537
2021-09-06,0.2,16,17,1.2444445444444625
2021-09-06,0.2,16,18,10.444443644444302
2021-09-06,0.2,18,19,17.19999909999984
2021-09-07,0.05,10,8,3.0999999000000003
2021-09-07,0.05,13,15,1.0999999000000003
2021-09-07,0.05,14,12,3.1999998000000005
2021-09-07,0.05,14,16,5.9000001
2021-09-07,0.1,8,7,3.1999998999999946
2021-09-07,0.1,9,7,10.599999599999979
2021-09-07,0.1,10,9,4.19999979999999
2021-09-07,0.1,10,12,8.000000100000005
2021-09-07,0.1,11,9,1.1999998999999946
2021-09-07,0.1,13,12,10.199999899999995
2021-09-07,0.1,14,15,18.199999899999995
2021-09-07,0.1,15,17,11.39999979999999
2021-09-07,0.1,16,18,3.1999998999999946
2021-09-07,0.2,8,7,6.35999990000002
2021-09-07,0.2,9,7,11.84000009999998
2021-09-07,0.2,10,12,15.35999990000002
2021-09-07,0.2,11,9,3.48000019999996
2021-09-07,0.2,11,12,0.8799997000000594
2021-09-07,0.2,13,12,1.9600003999999203
2021-09-07,0.2,13,15,11.3999995000001
2021-09-07,0.2,14,15,6.8000004999999
2021-09-07,0.2,14,16,14.55999940000012
2021-09-07,0.2,15,17,14.559999900000019
2021-09-07,0.2,16,17,3.6400000999999804
2021-09-07,0.2,16,18,17.27999920000016
2021-09-07,0.2,18,19,12.639999100000178
2021-09-08,0.05,8,7,4.249999900000006
2021-09-08,0.05,9,7,6.249999900000006
2021-09-08,0.05,10,12,9.249999900000006
2021-09-08,0.05,13,11,1.750000099999994
2021-09-08,0.05,13,12,1.0000001999999881
2021-09-08,0.05,13,15,3.4999996000000237
2021-09-08,0.05,14,12,8.249999900000006
2021-09-08,0.05,15,17,0.7499995000000297
2021-09-08,0.05,16,17,0.24999990000000594
2021-09-08,0.1,8,7,7.012500099999983
2021-09-08,0.1,8,10,2.4749998000000346
2021-09-08,0.1,9,7,11.487499900000017
2021-09-08,0.1,10,12,16.962499700000052
2021-09-08,0.1,11,12,1.537500299999948
2021-09-08,0.1,11,13,1.9499996000000692
2021-09-08,0.1,13,15,13.437499500000087
2021-09-08,0.1,14,15,1.3750005999998969
2021-09-08,0.1,14,16,12.11249930000012
2021-09-08,0.1,15,17,17.3
2021-09-08,0.1,16,17,1.1999999999999993
2021-09-08,0.1,16,18,16.39999920000014
2021-09-08,0.1,18,19,8.887499100000156
2021-09-08,0.2,8,7,6.750000099999994
2021-09-08,0.2,8,10,2.999999800000012
2021-09-08,0.2,9,7,11.749999900000006
2021-09-08,0.2,10,12,17.749999700000018
2021-09-08,0.2,11,12,0.7500002999999822
2021-09-08,0.2,11,13,2.9999996000000237
2021-09-08,0.2,13,15,14.74999950000003
2021-09-08,0.2,14,15,1.0000005999999644
2021-09-08,0.2,14,16,12.749999300000042
2021-09-08,0.2,15,17,18.5
2021-09-08,0.2,16,18,18.499999200000047
2021-09-08,0.2,18,19,11.249999100000053
2021-09-09,0.05,9,10,1.5999999000000003
2021-09-09,0.05,14,12,1.1999998000000005
2021-09-09,0.05,14,16,8.4000001
2021-09-09,0.1,9,7,11.199999899999995
2021-09-09,0.1,10,8,6.199999899999995
2021-09-09,0.1,11,12,9.199999899999995
2021-09-09,0.1,13,15,1.1999998999999946
2021-09-09,0.1,14,12,10.000000100000008
2021-09-09,0.1,14,15,1.6000002000000109
2021-09-09,0.1,14,16,7.599999599999975
2021-09-09,0.1,16,18,8.79999949999997
2021-09-09,0.2,9,7,19.200000000000003
2021-09-09,0.2,10,8,2.340000099999969
2021-09-09,0.2,10,9,3.540000099999972
2021-09-09,0.2,10,12,4.77999970000009
2021-09-09,0.2,11,12,13.659999900000031
2021-09-09,0.2,13,15,5.659999900000031
2021-09-09,0.2,14,12,0.7600003999998819
2021-09-09,0.2,14,15,11.880000199999941
2021-09-09,0.2,14,16,11.019999300000208
2021-09-09,0.2,15,17,19.200000000000003
2021-09-09,0.2,16,18,16.67999920000024
2021-09-09,0.2,18,19,7.33999910000027
2021-09-10,0.05,11,12,9.3499999
2021-09-10,0.05,14,13,0.34999990000000025
2021-09-10,0.1,8,10,1.6999998999999946
2021-09-10,0.1,9,7,2.6999998999999946
2021-09-10,0.1,11,10,3.600000200000011
2021-09-10,0.1,11,12,15.099999699999984
2021-09-10,0.1,13,12,0.6999998999999946
2021-09-10,0.1,14,15,9.699999899999995
2021-09-10,0.2,8,7,8.233333433333353
2021-09-10,0.2,8,10,1.2333331333332929
2021-09-10,0.2,9,7,10.466666566666646
2021-09-10,0.2,10,12,3.699999699999939
2021-09-10,0.2,11,12,15.00000030000006
2021-09-10,0.2,11,13,11.466666266666586
2021-09-10,0.2,13,14,1.2333328333332325
2021-09-10,0.2,13,15,18.7
2021-09-10,0.2,14,16,18.69999939999988
2021-09-10,0.2,15,17,12.166666566666645
2021-09-10,0.2,16,17,1.3666668666667086
2021-09-10,0.2,16,18,17.799999099999816
2021-09-10,0.2,18,19,11.266665666666462
2021-09-12,0.05,8,10,0.9999998999999988
2021-09-12,0.1,8,10,0.9999998999999988
2021-09-12,0.2,8,10,0.9999998999999988
2021-09-13,0.05,8,9,3.7999999000000173
2021-09-13,0.05,10,9,3.7999999000000173
2021-09-13,0.05,11,9,2.600000299999948
2021-09-13,0.05,11,12,6.199999600000069
2021-09-13,0.1,8,7,12.5999999
2021-09-13,0.1,9,7,5.000000100000001
2021-09-13,0.1,10,12,12.5999999
2021-09-13,0.1,11,9,6.400000200000001
2021-09-13,0.1,11,12,5.000000100000001
2021-09-13,0.1,11,13,6.199999599999998
2021-09-13,0.1,13,14,7.399999399999999
2021-09-13,0.1,13,15,0.40000009999999975
2021-09-13,0.1,14,16,8.999999299999999
2021-09-13,0.2,8,7,15.449999899999995
2021-09-13,0.2,9,7,2.150000100000007
2021-09-13,0.2,10,12,15.449999899999995
2021-09-13,0.2,11,9,0.7000002000000123
2021-09-13,0.2,11,12,2.150000100000007
2021-09-13,0.2,11,13,17.599999599999975
2021-09-13,0.2,13,14,6.899999399999963
2021-09-13,0.2,13,15,15.150000100000007
2021-09-13,0.2,14,16,11.349999299999958
2021-09-13,0.2,15,17,17.6
2021-09-13,0.2,16,18,1.7999991999999523
2021-09-14,0.05,8,10,0.09999990000000025
2021-09-14,0.05,11,12,1.0999999000000003
2021-09-14,0.05,13,12,1.1999998000000005
2021-09-14,0.05,13,15,6.9000001
2021-09-14,0.05,14,16,9.0999999
2021-09-14,0.1,8,7,9.199999899999995
2021-09-14,0.1,9,7,7.799999199999956
2021-09-14,0.1,10,9,0.19999989999999457
2021-09-14,0.1,11,9,1.3999993999999667
2021-09-14,0.1,11,12,8.800000500000028
2021-09-14,0.1,13,12,2.7999997999999877
2021-09-14,0.1,13,15,14.400000100000007
2021-09-14,0.1,14,12,6.599999699999984
2021-09-14,0.1,14,16,11.60000020000001
2021-09-14,0.1,15,17,16.6
2021-09-14,0.1,16,18,7.800000100000005
2021-09-14,0.2,8,7,10.54285704285715
2021-09-14,0.2,9,7,7.657142957142849
2021-09-14,0.2,10,9,0.11428591428569845
2021-09-14,0.2,10,12,1.428571128571452
2021-09-14,0.2,11,12,11.54285704285715
2021-09-14,0.2,13,12,3.8857140857143015
2021-09-14,0.2,13,15,14.657142957142849
2021-09-14,0.2,14,12,1.3428577428570954
2021-09-14,0.2,14,16,18.199999300000055
2021-09-14,0.2,15,17,18.2
2021-09-14,0.2,16,18,15.742856342857205
2021-09-14,0.2,18,19,9.285713385714356
