timestamp,horizon,predicted_mean,unmodified_plan_predicted_quarter_max,unmodified_plan_peak_alert,last_observed_hour,model_train_end,scenario_status,assumed_flexible_fraction,planned_mean,outgoing,incoming
2021-09-15 00:00:00,1,72.0,78.0,False,2021-09-14 23:00:00,2021-09-14 23:00:00,assumptions_only,0.0,72.0,0.0,0.0
2021-09-15 01:00:00,2,110.0,115.0,False,2021-09-14 23:00:00,2021-09-14 23:00:00,assumptions_only,0.0,110.0,0.0,0.0
2021-09-15 02:00:00,3,118.0,126.0,False,2021-09-14 23:00:00,2021-09-14 23:00:00,assumptions_only,0.0,118.0,0.0,0.0
2021-09-15 03:00:00,4,112.0,122.0,False,2021-09-14 23:00:00,2021-09-14 23:00:00,assumptions_only,0.0,112.0,0.0,0.0
2021-09-15 04:00:00,5,113.0,116.0,False,2021-09-14 23:00:00,2021-09-14 23:00:00,assumptions_only,0.0,113.0,0.0,0.0
2021-09-15 05:00:00,6,97.0,109.0,False,2021-09-14 23:00:00,2021-09-14 23:00:00,assumptions_only,0.0,97.0,0.0,0.0
2021-09-15 06:00:00,7,118.0,123.0,False,2021-09-14 23:00:00,2021-09-14 23:00:00,assumptions_only,0.0,118.0,0.0,0.0
2021-09-15 07:00:00,8,135.0,154.0,False,2021-09-14 23:00:00,2021-09-14 23:00:00,assumptions_only,0.0,135.0,0.0,0.0
2021-09-15 08:00:00,9,171.0,181.0,True,2021-09-14 23:00:00,2021-09-14 23:00:00,assumptions_only,0.0,171.0,0.0,0.0
2021-09-15 09:00:00,10,160.0,163.0,False,2021-09-14 23:00:00,2021-09-14 23:00:00,assumptions_only,0.0,160.0,0.0,0.0
2021-09-15 10:00:00,11,152.0,160.0,False,2021-09-14 23:00:00,2021-09-14 23:00:00,assumptions_only,0.0,152.0,0.0,0.0
2021-09-15 11:00:00,12,156.0,168.0,True,2021-09-14 23:00:00,2021-09-14 23:00:00,assumptions_only,0.0,156.0,0.0,0.0
2021-09-15 12:00:00,13,25.0,63.0,False,2021-09-14 23:00:00,2021-09-14 23:00:00,assumptions_only,0.0,25.0,0.0,0.0
2021-09-15 13:00:00,14,152.0,165.0,True,2021-09-14 23:00:00,2021-09-14 23:00:00,assumptions_only,0.0,152.0,0.0,0.0
2021-09-15 14:00:00,15,165.0,178.0,True,2021-09-14 23:00:00,2021-09-14 23:00:00,assumptions_only,0.0,165.0,0.0,0.0
2021-09-15 15:00:00,16,165.0,183.0,True,2021-09-14 23:00:00,2021-09-14 23:00:00,assumptions_only,0.0,165.0,0.0,0.0
2021-09-15 16:00:00,17,166.0,170.0,True,2021-09-14 23:00:00,2021-09-14 23:00:00,assumptions_only,0.0,166.0,0.0,0.0
2021-09-15 17:00:00,18,144.0,182.0,True,2021-09-14 23:00:00,2021-09-14 23:00:00,assumptions_only,0.0,144.0,0.0,0.0
2021-09-15 18:00:00,19,164.0,170.0,True,2021-09-14 23:00:00,2021-09-14 23:00:00,assumptions_only,0.0,164.0,0.0,0.0
2021-09-15 19:00:00,20,150.0,163.0,False,2021-09-14 23:00:00,2021-09-14 23:00:00,assumptions_only,0.0,150.0,0.0,0.0
2021-09-15 20:00:00,21,103.0,111.0,False,2021-09-14 23:00:00,2021-09-14 23:00:00,assumptions_only,0.0,103.0,0.0,0.0
2021-09-15 21:00:00,22,122.0,127.0,False,2021-09-14 23:00:00,2021-09-14 23:00:00,assumptions_only,0.0,122.0,0.0,0.0
2021-09-15 22:00:00,23,106.0,116.0,False,2021-09-14 23:00:00,2021-09-14 23:00:00,assumptions_only,0.0,106.0,0.0,0.0
2021-09-15 23:00:00,24,101.0,111.0,False,2021-09-14 23:00:00,2021-09-14 23:00:00,assumptions_only,0.0,101.0,0.0,0.0
2021-09-15 00:00:00,1,72.0,78.0,False,2021-09-14 23:00:00,2021-09-14 23:00:00,assumptions_only,0.05,72.0,0.0,0.0
2021-09-15 01:00:00,2,110.0,115.0,False,2021-09-14 23:00:00,2021-09-14 23:00:00,assumptions_only,0.05,110.0,0.0,0.0
2021-09-15 02:00:00,3,118.0,126.0,False,2021-09-14 23:00:00,2021-09-14 23:00:00,assumptions_only,0.05,118.0,0.0,0.0
2021-09-15 03:00:00,4,112.0,122.0,False,2021-09-14 23:00:00,2021-09-14 23:00:00,assumptions_only,0.05,112.0,0.0,0.0
2021-09-15 04:00:00,5,113.0,116.0,False,2021-09-14 23:00:00,2021-09-14 23:00:00,assumptions_only,0.05,113.0,0.0,0.0
2021-09-15 05:00:00,6,97.0,109.0,False,2021-09-14 23:00:00,2021-09-14 23:00:00,assumptions_only,0.05,97.0,0.0,0.0
2021-09-15 06:00:00,7,118.0,123.0,False,2021-09-14 23:00:00,2021-09-14 23:00:00,assumptions_only,0.05,118.0,0.0,0.0
2021-09-15 07:00:00,8,135.0,154.0,False,2021-09-14 23:00:00,2021-09-14 23:00:00,assumptions_only,0.05,135.0,0.0,0.0
2021-09-15 08:00:00,9,171.0,181.0,True,2021-09-14 23:00:00,2021-09-14 23:00:00,assumptions_only,0.05,162.45000009999998,8.549999900000017,0.0
2021-09-15 09:00:00,10,160.0,163.0,False,2021-09-14 23:00:00,2021-09-14 23:00:00,assumptions_only,0.05,160.0,0.0,0.0
2021-09-15 10:00:00,11,152.0,160.0,False,2021-09-14 23:00:00,2021-09-14 23:00:00,assumptions_only,0.05,160.54999990000002,0.0,8.549999900000017
2021-09-15 11:00:00,12,156.0,168.0,True,2021-09-14 23:00:00,2021-09-14 23:00:00,assumptions_only,0.05,156.0,0.0,0.0
2021-09-15 12:00:00,13,25.0,63.0,False,2021-09-14 23:00:00,2021-09-14 23:00:00,assumptions_only,0.05,25.0,0.0,0.0
2021-09-15 13:00:00,14,152.0,165.0,True,2021-09-14 23:00:00,2021-09-14 23:00:00,assumptions_only,0.05,157.09999980000003,0.0,5.099999800000035
2021-09-15 14:00:00,15,165.0,178.0,True,2021-09-14 23:00:00,2021-09-14 23:00:00,assumptions_only,0.05,162.45000009999998,2.5499999000000173,0.0
2021-09-15 15:00:00,16,165.0,183.0,True,2021-09-14 23:00:00,2021-09-14 23:00:00,assumptions_only,0.05,162.45000009999998,2.5499999000000173,0.0
2021-09-15 16:00:00,17,166.0,170.0,True,2021-09-14 23:00:00,2021-09-14 23:00:00,assumptions_only,0.05,162.45000009999998,3.5499999000000173,0.0
2021-09-15 17:00:00,18,144.0,182.0,True,2021-09-14 23:00:00,2021-09-14 23:00:00,assumptions_only,0.05,147.54999990000002,0.0,3.5499999000000173
2021-09-15 18:00:00,19,164.0,170.0,True,2021-09-14 23:00:00,2021-09-14 23:00:00,assumptions_only,0.05,162.45000009999998,1.5499999000000173,0.0
2021-09-15 19:00:00,20,150.0,163.0,False,2021-09-14 23:00:00,2021-09-14 23:00:00,assumptions_only,0.05,151.54999990000002,0.0,1.5499999000000173
2021-09-15 20:00:00,21,103.0,111.0,False,2021-09-14 23:00:00,2021-09-14 23:00:00,assumptions_only,0.05,103.0,0.0,0.0
2021-09-15 21:00:00,22,122.0,127.0,False,2021-09-14 23:00:00,2021-09-14 23:00:00,assumptions_only,0.05,122.0,0.0,0.0
2021-09-15 22:00:00,23,106.0,116.0,False,2021-09-14 23:00:00,2021-09-14 23:00:00,assumptions_only,0.05,106.0,0.0,0.0
2021-09-15 23:00:00,24,101.0,111.0,False,2021-09-14 23:00:00,2021-09-14 23:00:00,assumptions_only,0.05,101.0,0.0,0.0
2021-09-15 00:00:00,1,72.0,78.0,False,2021-09-14 23:00:00,2021-09-14 23:00:00,assumptions_only,0.1,72.0,0.0,0.0
2021-09-15 01:00:00,2,110.0,115.0,False,2021-09-14 23:00:00,2021-09-14 23:00:00,assumptions_only,0.1,110.0,0.0,0.0
2021-09-15 02:00:00,3,118.0,126.0,False,2021-09-14 23:00:00,2021-09-14 23:00:00,assumptions_only,0.1,118.0,0.0,0.0
2021-09-15 03:00:00,4,112.0,122.0,False,2021-09-14 23:00:00,2021-09-14 23:00:00,assumptions_only,0.1,112.0,0.0,0.0
2021-09-15 04:00:00,5,113.0,116.0,False,2021-09-14 23:00:00,2021-09-14 23:00:00,assumptions_only,0.1,113.0,0.0,0.0
2021-09-15 05:00:00,6,97.0,109.0,False,2021-09-14 23:00:00,2021-09-14 23:00:00,assumptions_only,0.1,97.0,0.0,0.0
2021-09-15 06:00:00,7,118.0,123.0,False,2021-09-14 23:00:00,2021-09-14 23:00:00,assumptions_only,0.1,118.0,0.0,0.0
2021-09-15 07:00:00,8,135.0,154.0,False,2021-09-14 23:00:00,2021-09-14 23:00:00,assumptions_only,0.1,152.09999890000003,0.0,17.099998900000024
2021-09-15 08:00:00,9,171.0,181.0,True,2021-09-14 23:00:00,2021-09-14 23:00:00,assumptions_only,0.1,155.52727282727272,15.472727172727275,0.0
2021-09-15 09:00:00,10,160.0,163.0,False,2021-09-14 23:00:00,2021-09-14 23:00:00,assumptions_only,0.1,155.52727282727272,4.472727172727275,0.0
2021-09-15 10:00:00,11,152.0,160.0,False,2021-09-14 23:00:00,2021-09-14 23:00:00,assumptions_only,0.1,155.52727282727272,0.0,3.527272827272725
2021-09-15 11:00:00,12,156.0,168.0,True,2021-09-14 23:00:00,2021-09-14 23:00:00,assumptions_only,0.1,155.52727282727272,0.681817381818199,0.2090902090909239
2021-09-15 12:00:00,13,25.0,63.0,False,2021-09-14 23:00:00,2021-09-14 23:00:00,assumptions_only,0.1,42.1,0.0,17.1
2021-09-15 13:00:00,14,152.0,165.0,True,2021-09-14 23:00:00,2021-09-14 23:00:00,assumptions_only,0.1,155.52727282727272,0.8090902090909253,4.33636303636365
2021-09-15 14:00:00,15,165.0,178.0,True,2021-09-14 23:00:00,2021-09-14 23:00:00,assumptions_only,0.1,155.52727282727272,16.5,7.027272827272725
2021-09-15 15:00:00,16,165.0,183.0,True,2021-09-14 23:00:00,2021-09-14 23:00:00,assumptions_only,0.1,155.52727282727272,9.472727172727275,0.0
2021-09-15 16:00:00,17,166.0,170.0,True,2021-09-14 23:00:00,2021-09-14 23:00:00,assumptions_only,0.1,155.52727282727272,10.472727172727275,0.0
2021-09-15 17:00:00,18,144.0,182.0,True,2021-09-14 23:00:00,2021-09-14 23:00:00,assumptions_only,0.1,155.52727282727272,0.0,11.527272827272725
2021-09-15 18:00:00,19,164.0,170.0,True,2021-09-14 23:00:00,2021-09-14 23:00:00,assumptions_only,0.1,155.52727282727272,8.472727172727275,0.0
2021-09-15 19:00:00,20,150.0,163.0,False,2021-09-14 23:00:00,2021-09-14 23:00:00,assumptions_only,0.1,155.52727282727272,0.0,5.527272827272725
2021-09-15 20:00:00,21,103.0,111.0,False,2021-09-14 23:00:00,2021-09-14 23:00:00,assumptions_only,0.1,103.0,0.0,0.0
2021-09-15 21:00:00,22,122.0,127.0,False,2021-09-14 23:00:00,2021-09-14 23:00:00,assumptions_only,0.1,122.0,0.0,0.0
2021-09-15 22:00:00,23,106.0,116.0,False,2021-09-14 23:00:00,2021-09-14 23:00:00,assumptions_only,0.1,106.0,0.0,0.0
2021-09-15 23:00:00,24,101.0,111.0,False,2021-09-14 23:00:00,2021-09-14 23:00:00,assumptions_only,0.1,101.0,0.0,0.0
2021-09-15 00:00:00,1,72.0,78.0,False,2021-09-14 23:00:00,2021-09-14 23:00:00,assumptions_only,0.2,72.0,0.0,0.0
2021-09-15 01:00:00,2,110.0,115.0,False,2021-09-14 23:00:00,2021-09-14 23:00:00,assumptions_only,0.2,110.0,0.0,0.0
2021-09-15 02:00:00,3,118.0,126.0,False,2021-09-14 23:00:00,2021-09-14 23:00:00,assumptions_only,0.2,118.0,0.0,0.0
2021-09-15 03:00:00,4,112.0,122.0,False,2021-09-14 23:00:00,2021-09-14 23:00:00,assumptions_only,0.2,112.0,0.0,0.0
2021-09-15 04:00:00,5,113.0,116.0,False,2021-09-14 23:00:00,2021-09-14 23:00:00,assumptions_only,0.2,113.0,0.0,0.0
2021-09-15 05:00:00,6,97.0,109.0,False,2021-09-14 23:00:00,2021-09-14 23:00:00,assumptions_only,0.2,97.0,0.0,0.0
2021-09-15 06:00:00,7,118.0,123.0,False,2021-09-14 23:00:00,2021-09-14 23:00:00,assumptions_only,0.2,118.0,0.0,0.0
2021-09-15 07:00:00,8,135.0,154.0,False,2021-09-14 23:00:00,2021-09-14 23:00:00,assumptions_only,0.2,152.09999890000003,0.0,17.099998900000024
2021-09-15 08:00:00,9,171.0,181.0,True,2021-09-14 23:00:00,2021-09-14 23:00:00,assumptions_only,0.2,155.52727282727272,15.472727172727275,0.0
2021-09-15 09:00:00,10,160.0,163.0,False,2021-09-14 23:00:00,2021-09-14 23:00:00,assumptions_only,0.2,155.52727282727272,4.472727172727275,0.0
2021-09-15 10:00:00,11,152.0,160.0,False,2021-09-14 23:00:00,2021-09-14 23:00:00,assumptions_only,0.2,155.52727282727272,0.0,3.527272827272725
2021-09-15 11:00:00,12,156.0,168.0,True,2021-09-14 23:00:00,2021-09-14 23:00:00,assumptions_only,0.2,155.52727282727272,0.681817381818199,0.2090902090909239
2021-09-15 12:00:00,13,25.0,63.0,False,2021-09-14 23:00:00,2021-09-14 23:00:00,assumptions_only,0.2,42.1,0.0,17.1
2021-09-15 13:00:00,14,152.0,165.0,True,2021-09-14 23:00:00,2021-09-14 23:00:00,assumptions_only,0.2,155.52727282727272,0.2090902090909239,3.736363036363649
2021-09-15 14:00:00,15,165.0,178.0,True,2021-09-14 23:00:00,2021-09-14 23:00:00,assumptions_only,0.2,155.52727282727272,17.1,7.627272827272726
2021-09-15 15:00:00,16,165.0,183.0,True,2021-09-14 23:00:00,2021-09-14 23:00:00,assumptions_only,0.2,155.52727282727272,9.472727172727275,0.0
2021-09-15 16:00:00,17,166.0,170.0,True,2021-09-14 23:00:00,2021-09-14 23:00:00,assumptions_only,0.2,155.52727282727272,10.472727172727275,0.0
2021-09-15 17:00:00,18,144.0,182.0,True,2021-09-14 23:00:00,2021-09-14 23:00:00,assumptions_only,0.2,155.52727282727272,0.0,11.527272827272725
2021-09-15 18:00:00,19,164.0,170.0,True,2021-09-14 23:00:00,2021-09-14 23:00:00,assumptions_only,0.2,155.52727282727272,8.472727172727275,0.0
2021-09-15 19:00:00,20,150.0,163.0,False,2021-09-14 23:00:00,2021-09-14 23:00:00,assumptions_only,0.2,155.52727282727272,0.0,5.527272827272725
2021-09-15 20:00:00,21,103.0,111.0,False,2021-09-14 23:00:00,2021-09-14 23:00:00,assumptions_only,0.2,103.0,0.0,0.0
2021-09-15 21:00:00,22,122.0,127.0,False,2021-09-14 23:00:00,2021-09-14 23:00:00,assumptions_only,0.2,122.0,0.0,0.0
2021-09-15 22:00:00,23,106.0,116.0,False,2021-09-14 23:00:00,2021-09-14 23:00:00,assumptions_only,0.2,106.0,0.0,0.0
2021-09-15 23:00:00,24,101.0,111.0,False,2021-09-14 23:00:00,2021-09-14 23:00:00,assumptions_only,0.2,101.0,0.0,0.0
