date,assumed_flexible_fraction,scenario_status,from_hour,to_hour,amount
2021-09-15,0.05,assumptions_only,8,10,8.549999900000017
2021-09-15,0.05,assumptions_only,14,13,2.5499999000000173
2021-09-15,0.05,assumptions_only,15,13,2.5499999000000173
2021-09-15,0.05,assumptions_only,16,17,3.5499999000000173
2021-09-15,0.05,assumptions_only,18,19,1.5499999000000173
2021-09-15,0.1,assumptions_only,8,7,15.472727172727275
2021-09-15,0.1,assumptions_only,9,7,1.627271727272749
2021-09-15,0.1,assumptions_only,9,10,2.845455445454526
2021-09-15,0.1,assumptions_only,11,10,0.681817381818199
2021-09-15,0.1,assumptions_only,13,11,0.2090902090909239
2021-09-15,0.1,assumptions_only,13,12,0.6000000000000014
2021-09-15,0.1,assumptions_only,14,12,16.5
2021-09-15,0.1,assumptions_only,15,13,4.33636303636365
2021-09-15,0.1,assumptions_only,15,14,5.136364136363625
2021-09-15,0.1,assumptions_only,16,14,1.8909086909091002
2021-09-15,0.1,assumptions_only,16,17,8.581818481818175
2021-09-15,0.1,assumptions_only,18,17,2.94545434545455
2021-09-15,0.1,assumptions_only,18,19,5.527272827272725
2021-09-15,0.2,assumptions_only,8,7,15.472727172727275
2021-09-15,0.2,assumptions_only,9,7,1.627271727272749
2021-09-15,0.2,assumptions_only,9,10,2.845455445454526
2021-09-15,0.2,assumptions_only,11,10,0.681817381818199
2021-09-15,0.2,assumptions_only,13,11,0.2090902090909239
2021-09-15,0.2,assumptions_only,14,12,17.1
2021-09-15,0.2,assumptions_only,15,13,3.736363036363649
2021-09-15,0.2,assumptions_only,15,14,5.736364136363626
2021-09-15,0.2,assumptions_only,16,14,1.8909086909091002
2021-09-15,0.2,assumptions_only,16,17,8.581818481818175
2021-09-15,0.2,assumptions_only,18,17,2.94545434545455
2021-09-15,0.2,assumptions_only,18,19,5.527272827272725
