timestamp,actual,prediction,model_fit_before,known_idle,global_lower,global_upper,conditional_lower,conditional_upper,observed_state,production_actual,previous_power,peak_actual,peak_alert,legacy_prediction,persistence,absolute_error,covered,hour,month
2021-09-08 12:00:00,25.0,109.52777777777776,2021-09-01,False,95.21805555555554,123.83749999999998,91.3125,127.74305555555551,running,3.0,156.0,False,False,100.21591745537114,156.0,84.52777777777776,False,12,2021-09
2021-08-09 07:00:00,70.0,20.0,2021-08-01,True,5.717361111111117,34.28263888888888,18.0,22.0,startup,10.0,20.0,False,False,20.0,20.0,50.0,False,7,2021-08
2021-08-28 17:00:00,22.0,70.99791666666668,2021-08-01,False,56.7152777777778,85.28055555555557,54.08611111111111,87.90972222222226,idle,0.0,46.0,False,False,24.343958249361613,46.0,48.99791666666668,False,17,2021-08
2021-09-08 13:00:00,152.0,111.34166666666673,2021-09-01,False,97.0319444444445,125.65138888888896,93.12638888888895,129.55694444444447,running,1160.0,25.0,False,True,150.31400626310614,25.0,40.658333333333275,False,13,2021-09
2021-09-13 07:00:00,63.0,23.0,2021-09-01,True,8.69027777777778,37.30972222222222,21.0,25.0,startup,196.0,23.0,False,False,23.0,23.0,40.0,False,7,2021-09
2021-08-16 16:00:00,116.0,153.7388888888889,2021-08-01,False,139.45625,168.0215277777778,136.82708333333335,170.65069444444447,running,1490.0,133.0,False,False,165.9022037795246,133.0,37.73888888888891,False,16,2021-08
2021-08-16 07:00:00,60.0,23.0,2021-08-01,True,8.717361111111117,37.28263888888888,21.0,25.0,startup,27.0,23.0,False,False,23.0,23.0,37.0,False,7,2021-08
2021-08-23 07:00:00,58.0,21.0,2021-08-01,True,6.717361111111117,35.28263888888888,19.0,23.0,idle,0.0,21.0,False,False,21.0,21.0,37.0,False,7,2021-08
2021-08-09 08:00:00,193.0,157.51249999999996,2021-08-01,False,143.22986111111106,171.79513888888886,140.6006944444444,174.42430555555552,running,749.0,70.0,True,True,131.8900550919315,70.0,35.48750000000004,False,8,2021-08
2021-08-09 13:00:00,182.0,146.62499999999997,2021-08-01,False,132.34236111111107,160.90763888888887,129.7131944444444,163.53680555555553,running,7569.0,129.0,True,True,146.48128761318023,129.0,35.37500000000003,False,13,2021-08
2021-08-09 11:00:00,187.0,151.82638888888889,2021-08-01,False,137.54375,166.10902777777778,134.91458333333333,168.73819444444445,running,1431.0,182.0,True,True,151.10644064566517,182.0,35.173611111111114,False,11,2021-08
2021-08-16 10:00:00,144.0,178.94305555555553,2021-08-01,False,164.66041666666666,193.2256944444444,162.03124999999994,195.85486111111112,running,1720.0,183.0,False,True,171.1796144587475,183.0,34.94305555555553,False,10,2021-08
2021-08-11 08:00:00,203.0,170.3069444444444,2021-08-01,False,156.02430555555554,184.58958333333328,153.39513888888882,187.21875,running,783.0,132.0,True,True,167.7138298995569,132.0,32.69305555555559,False,8,2021-08
2021-08-14 07:00:00,53.0,85.28611111111113,2021-08-01,False,71.00347222222224,99.56875,68.37430555555555,102.1979166666667,running,796.0,86.0,False,False,78.99430673016144,86.0,32.286111111111126,False,7,2021-08
2021-08-30 07:00:00,52.0,21.0,2021-08-01,True,6.717361111111117,35.28263888888888,19.0,23.0,idle,0.0,21.0,False,False,21.0,21.0,31.0,False,7,2021-08
2021-08-13 13:00:00,183.0,153.05069444444445,2021-08-01,False,138.76805555555558,167.33333333333331,136.13888888888886,169.96250000000003,running,1393.0,111.0,True,True,128.2302960435922,111.0,29.949305555555554,False,13,2021-08
2021-08-09 16:00:00,184.0,154.76111111111112,2021-08-01,False,140.47847222222225,169.04375,137.84930555555553,171.6729166666667,running,1416.0,167.0,True,False,153.74448786975935,167.0,29.23888888888888,False,16,2021-08
2021-08-11 00:00:00,77.0,48.23194444444443,2021-08-01,False,33.94930555555555,62.51458333333331,31.320138888888856,65.14375000000001,idle,0.0,99.0,False,False,62.34590970668396,99.0,28.76805555555557,False,0,2021-08
2021-08-09 09:00:00,191.0,162.45416666666668,2021-08-01,False,148.17152777777778,176.73680555555558,145.54236111111112,179.36597222222224,running,773.0,193.0,True,True,148.87280006046487,193.0,28.54583333333332,False,9,2021-08
2021-09-06 07:00:00,52.0,24.0,2021-09-01,True,9.69027777777778,38.30972222222222,22.0,26.0,idle,0.0,24.0,False,False,24.0,24.0,28.0,False,7,2021-09
