timestamp,recent_score,recent_threshold,recent_alert,actual,legacy_alert,stage12_alert
2021-08-01 00:00:00,0.0014562992886133722,0.597128325059731,False,21,False,False
2021-08-01 01:00:00,0.0014631177664935853,0.597128325059731,False,26,False,False
2021-08-01 02:00:00,0.0014836984111129968,0.597128325059731,False,21,False,False
2021-08-01 03:00:00,0.0015401813645528166,0.597128325059731,False,21,False,False
2021-08-01 04:00:00,0.0014988595968388721,0.597128325059731,False,25,False,False
2021-08-01 05:00:00,0.0017985148229120243,0.597128325059731,False,24,False,False
2021-08-01 06:00:00,0.0017621576703851578,0.597128325059731,False,21,False,False
2021-08-01 07:00:00,0.0017393533941371339,0.597128325059731,False,21,False,False
2021-08-01 08:00:00,0.0053712957363015535,0.597128325059731,False,28,False,False
2021-08-01 09:00:00,0.00659473868847238,0.597128325059731,False,24,False,False
2021-08-01 10:00:00,0.005093809798505281,0.597128325059731,False,21,False,False
2021-08-01 11:00:00,0.005143990936499273,0.597128325059731,False,21,False,False
2021-08-01 12:00:00,0.001830033825628102,0.597128325059731,False,25,False,False
2021-08-01 13:00:00,0.005227758291125347,0.597128325059731,False,21,False,False
2021-08-01 14:00:00,0.004987732949624747,0.597128325059731,False,21,False,False
2021-08-01 15:00:00,0.0017372151448054774,0.597128325059731,False,23,False,False
2021-08-01 16:00:00,0.0029426428669075398,0.597128325059731,False,25,False,False
2021-08-01 17:00:00,0.001547736610622035,0.597128325059731,False,21,False,False
2021-08-01 18:00:00,0.004016670888734069,0.597128325059731,False,21,False,False
2021-08-01 19:00:00,0.0018541250463504693,0.597128325059731,False,22,False,False
2021-08-01 20:00:00,0.0018541250463504693,0.597128325059731,False,26,False,False
2021-08-01 21:00:00,0.0018541250463504693,0.597128325059731,False,22,False,False
2021-08-01 22:00:00,0.0018809118239236865,0.597128325059731,False,23,False,False
2021-08-01 23:00:00,0.0018809118239236865,0.597128325059731,False,24,False,False
2021-08-02 00:00:00,0.002691239429962781,0.597128325059731,False,23,False,False
2021-08-02 01:00:00,0.0032445438271142624,0.597128325059731,False,21,False,False
2021-08-02 02:00:00,0.0032017446560056225,0.597128325059731,False,21,False,False
2021-08-02 03:00:00,0.0032017446560056225,0.597128325059731,False,26,False,False
2021-08-02 04:00:00,0.0023338455642470182,0.597128325059731,False,21,False,False
2021-08-02 05:00:00,0.0036998340523727137,0.597128325059731,False,21,False,False
2021-08-02 06:00:00,0.0035982595312662774,0.597128325059731,False,25,False,False
2021-08-02 07:00:00,0.011166743749259918,0.597128325059731,False,24,False,False
2021-08-02 08:00:00,0.8317453348224577,0.597128325059731,True,21,True,True
2021-08-02 09:00:00,0.4930026923675933,0.597128325059731,False,21,True,True
2021-08-02 10:00:00,0.4458275702725222,0.597128325059731,False,25,True,True
2021-08-02 11:00:00,0.06556526285128733,0.597128325059731,False,21,True,False
2021-08-02 12:00:00,0.0072300289800647875,0.597128325059731,False,21,False,False
2021-08-02 13:00:00,0.6172646986002328,0.597128325059731,True,23,True,True
2021-08-02 14:00:00,0.020150540959470737,0.597128325059731,False,25,False,False
2021-08-02 15:00:00,0.014011917720733099,0.597128325059731,False,21,False,False
2021-08-02 16:00:00,0.011491862180122697,0.597128325059731,False,21,False,False
2021-08-02 17:00:00,0.003182390279047321,0.597128325059731,False,24,False,False
2021-08-02 18:00:00,0.017013008484425857,0.597128325059731,False,26,False,False
2021-08-02 19:00:00,0.005114617078537376,0.597128325059731,False,21,False,False
2021-08-02 20:00:00,0.00205537514077149,0.597128325059731,False,24,False,False
2021-08-02 21:00:00,0.0019305911278154908,0.597128325059731,False,24,False,False
2021-08-02 22:00:00,0.0020525211794559825,0.597128325059731,False,24,False,False
2021-08-02 23:00:00,0.0020525211794559825,0.597128325059731,False,21,False,False
2021-08-03 00:00:00,0.0036609167113390824,0.597128325059731,False,22,False,False
2021-08-03 01:00:00,0.0026945626585603336,0.597128325059731,False,26,False,False
2021-08-03 02:00:00,0.003519975474579649,0.597128325059731,False,21,False,False
2021-08-03 03:00:00,0.0033791444715554437,0.597128325059731,False,22,False,False
2021-08-03 04:00:00,0.002728842823971393,0.597128325059731,False,21,False,False
2021-08-03 05:00:00,0.0028206398821147846,0.597128325059731,False,24,False,False
2021-08-03 06:00:00,0.003914108820603153,0.597128325059731,False,21,False,False
2021-08-03 07:00:00,0.014841152817181603,0.597128325059731,False,21,False,False
2021-08-03 08:00:00,0.7745690873041142,0.597128325059731,True,25,True,True
2021-08-03 09:00:00,0.43314221709840617,0.597128325059731,False,21,True,True
2021-08-03 10:00:00,0.5082981088370271,0.597128325059731,False,21,True,True
2021-08-03 11:00:00,0.07991612524725353,0.597128325059731,False,24,False,False
2021-08-03 12:00:00,0.02155771254633139,0.597128325059731,False,25,False,False
2021-08-03 13:00:00,0.6166215087726041,0.597128325059731,True,21,True,True
2021-08-03 14:00:00,0.16058996473413079,0.597128325059731,False,22,True,True
2021-08-03 15:00:00,0.080599590725292,0.597128325059731,False,26,False,True
2021-08-03 16:00:00,0.014956305482785417,0.597128325059731,False,24,False,False
2021-08-03 17:00:00,0.006212987593097056,0.597128325059731,False,21,False,False
2021-08-03 18:00:00,0.006534453274662478,0.597128325059731,False,24,False,False
2021-08-03 19:00:00,0.005273134469439793,0.597128325059731,False,25,False,False
2021-08-03 20:00:00,0.001917499693514563,0.597128325059731,False,22,False,False
2021-08-03 21:00:00,0.001917499693514563,0.597128325059731,False,22,False,False
2021-08-03 22:00:00,0.001890461750176096,0.597128325059731,False,21,False,False
2021-08-03 23:00:00,0.0019423815402127421,0.597128325059731,False,26,False,False
2021-08-04 00:00:00,0.0031003241511197263,0.597128325059731,False,21,False,False
2021-08-04 01:00:00,0.003598645493328813,0.597128325059731,False,21,False,False
2021-08-04 02:00:00,0.003297035971110301,0.597128325059731,False,21,False,False
2021-08-04 03:00:00,0.002480381417157544,0.597128325059731,False,25,False,False
2021-08-04 04:00:00,0.0033266143668900204,0.597128325059731,False,21,False,False
2021-08-04 05:00:00,0.00379772532093853,0.597128325059731,False,21,False,False
2021-08-04 06:00:00,0.0030657569377223783,0.597128325059731,False,26,False,False
2021-08-04 07:00:00,0.31403557176710667,0.597128325059731,False,21,False,False
2021-08-04 08:00:00,0.5869327623173355,0.597128325059731,False,23,True,True
2021-08-04 09:00:00,0.4965074626794219,0.597128325059731,False,21,True,True
2021-08-04 10:00:00,0.4453315638955655,0.597128325059731,False,25,True,True
2021-08-04 11:00:00,0.07961212785339666,0.597128325059731,False,21,False,False
2021-08-04 12:00:00,0.02751137465570789,0.597128325059731,False,21,False,False
2021-08-04 13:00:00,0.6882106908569133,0.597128325059731,True,25,True,True
2021-08-04 14:00:00,0.02293576192895351,0.597128325059731,False,24,True,False
2021-08-04 15:00:00,0.031082450524003262,0.597128325059731,False,24,False,False
2021-08-04 16:00:00,0.01179168283820266,0.597128325059731,False,22,False,False
2021-08-04 17:00:00,0.006720065747234936,0.597128325059731,False,26,False,False
2021-08-04 18:00:00,0.00687721877597006,0.597128325059731,False,22,False,False
2021-08-04 19:00:00,0.0021016491361863995,0.597128325059731,False,21,False,False
2021-08-04 20:00:00,0.001900825800048211,0.597128325059731,False,21,False,False
2021-08-04 21:00:00,0.001900015255066936,0.597128325059731,False,26,False,False
2021-08-04 22:00:00,0.0018293135033498934,0.597128325059731,False,21,False,False
2021-08-04 23:00:00,0.0022352028688172134,0.597128325059731,False,22,False,False
2021-08-05 00:00:00,0.00356536852267154,0.597128325059731,False,21,False,False
2021-08-05 01:00:00,0.0026945626585603336,0.597128325059731,False,25,False,False
2021-08-05 02:00:00,0.0032946748401928914,0.597128325059731,False,21,False,False
2021-08-05 03:00:00,0.0033791444715554437,0.597128325059731,False,21,False,False
2021-08-05 04:00:00,0.003287247643325747,0.597128325059731,False,25,False,False
2021-08-05 05:00:00,0.0028769452970733153,0.597128325059731,False,22,False,False
2021-08-05 06:00:00,0.004176638556247088,0.597128325059731,False,22,False,False
2021-08-05 07:00:00,0.013062871511957987,0.597128325059731,False,20,False,False
2021-08-05 08:00:00,0.7745690873041142,0.597128325059731,True,24,True,True
2021-08-05 09:00:00,0.36410293611102607,0.597128325059731,False,21,True,True
2021-08-05 10:00:00,0.5082981088370271,0.597128325059731,False,21,True,True
2021-08-05 11:00:00,0.06574199789445698,0.597128325059731,False,25,False,False
2021-08-05 12:00:00,0.02155771254633139,0.597128325059731,False,24,False,False
2021-08-05 13:00:00,0.758081889971765,0.597128325059731,True,24,True,True
2021-08-05 14:00:00,0.031006135962478747,0.597128325059731,False,22,False,False
2021-08-05 15:00:00,0.013784553471348517,0.597128325059731,False,25,False,False
2021-08-05 16:00:00,0.01036276930071953,0.597128325059731,False,22,False,False
2021-08-05 17:00:00,0.003227766307655991,0.597128325059731,False,22,False,False
2021-08-05 18:00:00,0.01857088905589572,0.597128325059731,False,21,False,False
2021-08-05 19:00:00,0.005141195333558288,0.597128325059731,False,25,False,False
2021-08-05 20:00:00,0.0020156392646137355,0.597128325059731,False,22,False,False
2021-08-05 21:00:00,0.0019319584360666894,0.597128325059731,False,22,False,False
2021-08-05 22:00:00,0.002029800092016903,0.597128325059731,False,23,False,False
2021-08-05 23:00:00,0.0019149866274513782,0.597128325059731,False,26,False,False
2021-08-06 00:00:00,0.0033302469842254063,0.597128325059731,False,21,False,False
2021-08-06 01:00:00,0.003635632793728834,0.597128325059731,False,21,False,False
2021-08-06 02:00:00,0.003297035971110301,0.597128325059731,False,21,False,False
2021-08-06 03:00:00,0.002480381417157544,0.597128325059731,False,25,False,False
2021-08-06 04:00:00,0.0033266143668900204,0.597128325059731,False,23,False,False
2021-08-06 05:00:00,0.0038665014696807175,0.597128325059731,False,21,False,False
2021-08-06 06:00:00,0.0031499782673736405,0.597128325059731,False,25,False,False
2021-08-06 07:00:00,0.44901103912043716,0.597128325059731,False,21,True,True
2021-08-06 08:00:00,0.5869327623173355,0.597128325059731,False,21,True,True
2021-08-06 09:00:00,0.4930026923675933,0.597128325059731,False,21,True,True
2021-08-06 10:00:00,0.4458275702725222,0.597128325059731,False,25,True,True
2021-08-06 11:00:00,0.08222409873143594,0.597128325059731,False,25,False,False
2021-08-06 12:00:00,0.02751137465570789,0.597128325059731,False,24,False,False
2021-08-06 13:00:00,0.7016334924276761,0.597128325059731,True,24,True,True
2021-08-06 14:00:00,0.024030079211483524,0.597128325059731,False,27,False,False
2021-08-06 15:00:00,0.03477551931357425,0.597128325059731,False,22,False,False
2021-08-06 16:00:00,0.01179168283820266,0.597128325059731,False,22,False,False
2021-08-06 17:00:00,0.006720065747234936,0.597128325059731,False,25,False,False
2021-08-06 18:00:00,0.007425843127308788,0.597128325059731,False,22,False,False
2021-08-06 19:00:00,0.0021016491361863995,0.597128325059731,False,21,False,False
2021-08-06 20:00:00,0.00205537514077149,0.597128325059731,False,21,False,False
2021-08-06 21:00:00,0.001900015255066936,0.597128325059731,False,26,False,False
2021-08-06 22:00:00,0.0020245023976800283,0.597128325059731,False,21,False,False
2021-08-06 23:00:00,0.0022352028688172134,0.597128325059731,False,21,False,False
2021-08-07 00:00:00,0.0035294021638743256,0.597128325059731,False,24,False,False
2021-08-07 01:00:00,0.0026945626585603336,0.597128325059731,False,25,False,False
2021-08-07 02:00:00,0.003693786647343009,0.597128325059731,False,21,False,False
2021-08-07 03:00:00,0.0036567993469429883,0.597128325059731,False,21,False,False
2021-08-07 04:00:00,0.0035378895029906207,0.597128325059731,False,21,False,False
2021-08-07 05:00:00,0.004000502968404955,0.597128325059731,False,24,False,False
2021-08-07 06:00:00,0.004050458132755658,0.597128325059731,False,21,False,False
2021-08-07 07:00:00,0.0041060785645658515,0.597128325059731,False,21,False,False
2021-08-07 08:00:00,0.006272414106041877,0.597128325059731,False,25,False,False
2021-08-07 09:00:00,0.00745528342823765,0.597128325059731,False,24,False,False
2021-08-07 10:00:00,0.007622058636526729,0.597128325059731,False,21,False,False
2021-08-07 11:00:00,0.00573279054432965,0.597128325059731,False,21,False,False
2021-08-07 12:00:00,0.005496950849251411,0.597128325059731,False,26,False,False
2021-08-07 13:00:00,0.005376865013204312,0.597128325059731,False,21,False,False
2021-08-07 14:00:00,0.007268860261505085,0.597128325059731,False,21,False,False
2021-08-07 15:00:00,0.004685042732572928,0.597128325059731,False,22,False,False
2021-08-07 16:00:00,0.004152616777085973,0.597128325059731,False,25,False,False
2021-08-07 17:00:00,0.001915211893895298,0.597128325059731,False,21,False,False
2021-08-07 18:00:00,0.0022178087675205137,0.597128325059731,False,21,False,False
2021-08-07 19:00:00,0.0020409628693829917,0.597128325059731,False,24,False,False
2021-08-07 20:00:00,0.002189114217037277,0.597128325059731,False,26,False,False
2021-08-07 21:00:00,0.0022178087675205137,0.597128325059731,False,22,False,False
2021-08-07 22:00:00,0.0020688140120143847,0.597128325059731,False,21,False,False
2021-08-07 23:00:00,0.0020688140120143847,0.597128325059731,False,25,False,False
2021-08-08 00:00:00,0.003541172017001807,0.597128325059731,False,21,False,False
2021-08-08 01:00:00,0.003598645493328813,0.597128325059731,False,21,False,False
2021-08-08 02:00:00,0.0035985727904352133,0.597128325059731,False,21,False,False
2021-08-08 03:00:00,0.0027368415698060993,0.597128325059731,False,24,False,False
2021-08-08 04:00:00,0.002593985964955044,0.597128325059731,False,21,False,False
2021-08-08 05:00:00,0.004932646886843242,0.597128325059731,False,21,False,False
2021-08-08 06:00:00,0.0036570699697645306,0.597128325059731,False,23,False,False
2021-08-08 07:00:00,0.004000502968404955,0.597128325059731,False,25,False,False
2021-08-08 08:00:00,0.008361044055448704,0.597128325059731,False,21,False,False
2021-08-08 09:00:00,0.007553448911076749,0.597128325059731,False,21,False,False
2021-08-08 10:00:00,0.005361142149941638,0.597128325059731,False,25,False,False
2021-08-08 11:00:00,0.005374335297026969,0.597128325059731,False,21,False,False
2021-08-08 12:00:00,0.005360768614601859,0.597128325059731,False,21,False,False
2021-08-08 13:00:00,0.005549265562480725,0.597128325059731,False,23,False,False
2021-08-08 14:00:00,0.005170625485323497,0.597128325059731,False,25,False,False
2021-08-08 15:00:00,0.004685042732572928,0.597128325059731,False,21,False,False
2021-08-08 16:00:00,0.004206370821176676,0.597128325059731,False,21,False,False
2021-08-08 17:00:00,0.0026481060065539543,0.597128325059731,False,25,False,False
2021-08-08 18:00:00,0.0020409628693829917,0.597128325059731,False,24,False,False
2021-08-08 19:00:00,0.0022178087675205137,0.597128325059731,False,21,False,False
2021-08-08 20:00:00,0.0022178087675205137,0.597128325059731,False,22,False,False
2021-08-08 21:00:00,0.0020409628693829917,0.597128325059731,False,26,False,False
2021-08-08 22:00:00,0.002189114217037277,0.597128325059731,False,22,False,False
2021-08-08 23:00:00,0.0022178087675205137,0.597128325059731,False,21,False,False
2021-08-09 00:00:00,0.0026945626585603336,0.597128325059731,False,21,False,False
2021-08-09 01:00:00,0.0026945626585603336,0.597128325059731,False,25,False,False
2021-08-09 02:00:00,0.0034163357264743732,0.597128325059731,False,21,False,False
2021-08-09 03:00:00,0.0036567993469429883,0.597128325059731,False,23,False,False
2021-08-09 04:00:00,0.003607405933605461,0.597128325059731,False,22,False,False
2021-08-09 05:00:00,0.0031579595623759454,0.597128325059731,False,25,False,False
2021-08-09 06:00:00,0.004040612558153784,0.597128325059731,False,20,False,False
2021-08-09 07:00:00,0.004949388938028202,0.597128325059731,False,112,False,False
2021-08-09 08:00:00,0.7297381327063039,0.597128325059731,True,215,True,True
2021-08-09 09:00:00,0.877106170488874,0.597128325059731,True,197,True,True
2021-08-09 10:00:00,0.6919351216300118,0.597128325059731,True,201,True,True
2021-08-09 11:00:00,0.5490299935567335,0.597128325059731,False,192,True,True
2021-08-09 12:00:00,0.38896594815348706,0.597128325059731,False,144,False,False
2021-08-09 13:00:00,0.1935697958909196,0.597128325059731,False,200,True,False
2021-08-09 14:00:00,0.686353749199949,0.597128325059731,True,191,True,True
2021-08-09 15:00:00,0.2529911753183648,0.597128325059731,False,183,True,True
2021-08-09 16:00:00,0.06307503538685862,0.597128325059731,False,191,False,False
2021-08-09 17:00:00,0.2327865359027421,0.597128325059731,False,169,True,False
2021-08-09 18:00:00,0.03221465885722187,0.597128325059731,False,103,False,False
2021-08-09 19:00:00,0.009413054098131505,0.597128325059731,False,95,False,False
2021-08-09 20:00:00,0.001950089547796391,0.597128325059731,False,113,False,False
2021-08-09 21:00:00,0.002213339146239498,0.597128325059731,False,119,False,False
2021-08-09 22:00:00,0.002569440949608476,0.597128325059731,False,112,False,False
2021-08-09 23:00:00,0.0017758731773716693,0.597128325059731,False,108,False,False
2021-08-10 00:00:00,0.002807170634750805,0.597128325059731,False,71,False,False
2021-08-10 01:00:00,0.0020356037214114757,0.597128325059731,False,104,False,False
2021-08-10 02:00:00,0.0020385725005570886,0.597128325059731,False,97,False,False
2021-08-10 03:00:00,0.0015596516884568842,0.597128325059731,False,104,False,False
2021-08-10 04:00:00,0.0019051223688432918,0.597128325059731,False,103,False,False
2021-08-10 05:00:00,0.0021199466072813066,0.597128325059731,False,99,False,False
2021-08-10 06:00:00,0.004396048994934971,0.597128325059731,False,105,False,False
2021-08-10 07:00:00,0.0043126269899870905,0.597128325059731,False,138,False,False
2021-08-10 08:00:00,0.08398647679575613,0.597128325059731,False,195,False,False
2021-08-10 09:00:00,0.9440185326555022,0.597128325059731,True,193,True,True
2021-08-10 10:00:00,0.9054938265430292,0.597128325059731,True,192,True,True
2021-08-10 11:00:00,0.9253468595873133,0.597128325059731,True,191,True,True
2021-08-10 12:00:00,0.4249009406697155,0.597128325059731,False,119,False,False
2021-08-10 13:00:00,0.49665794477424496,0.597128325059731,False,190,True,False
2021-08-10 14:00:00,0.5345649998834598,0.597128325059731,False,180,True,True
2021-08-10 15:00:00,0.013348906376480705,0.597128325059731,False,181,False,False
2021-08-10 16:00:00,0.4891828987007416,0.597128325059731,False,182,True,False
2021-08-10 17:00:00,0.0066063814276204995,0.597128325059731,False,156,False,False
2021-08-10 18:00:00,0.10481652787896473,0.597128325059731,False,168,False,False
2021-08-10 19:00:00,0.004067677831556924,0.597128325059731,False,163,False,False
2021-08-10 20:00:00,0.001657370005249798,0.597128325059731,False,135,False,False
2021-08-10 21:00:00,0.0022159243503481413,0.597128325059731,False,127,False,False
2021-08-10 22:00:00,0.0020584066666294886,0.597128325059731,False,114,False,False
2021-08-10 23:00:00,0.0017876512476715295,0.597128325059731,False,109,False,False
2021-08-11 00:00:00,0.0018798056820808896,0.597128325059731,False,83,False,False
2021-08-11 01:00:00,0.0026159598391638063,0.597128325059731,False,108,False,False
2021-08-11 02:00:00,0.002274130737716773,0.597128325059731,False,114,False,False
2021-08-11 03:00:00,0.0015436977926829051,0.597128325059731,False,113,False,False
2021-08-11 04:00:00,0.0028965617128605663,0.597128325059731,False,116,False,False
2021-08-11 05:00:00,0.002013671509603844,0.597128325059731,False,105,False,False
2021-08-11 06:00:00,0.003733163845743899,0.597128325059731,False,129,False,False
2021-08-11 07:00:00,0.005027777924690296,0.597128325059731,False,150,False,False
2021-08-11 08:00:00,0.6144501998964785,0.597128325059731,True,218,True,False
2021-08-11 09:00:00,0.9533554004972382,0.597128325059731,True,189,True,True
2021-08-11 10:00:00,0.4967316165927572,0.597128325059731,False,192,True,True
2021-08-11 11:00:00,0.9188292706557044,0.597128325059731,True,192,True,True
2021-08-11 12:00:00,0.33927576376581203,0.597128325059731,False,132,True,False
2021-08-11 13:00:00,0.6087267551315236,0.597128325059731,True,205,True,False
2021-08-11 14:00:00,0.9143642872641334,0.597128325059731,True,207,True,True
2021-08-11 15:00:00,0.16405226090831476,0.597128325059731,False,177,True,True
2021-08-11 16:00:00,0.26234329879182855,0.597128325059731,False,187,True,False
2021-08-11 17:00:00,0.08296645625692153,0.597128325059731,False,177,True,False
2021-08-11 18:00:00,0.057694895595588803,0.597128325059731,False,194,False,False
2021-08-11 19:00:00,0.05271237531888562,0.597128325059731,False,163,False,False
2021-08-11 20:00:00,0.008832405489071682,0.597128325059731,False,128,False,False
2021-08-11 21:00:00,0.010405845294433856,0.597128325059731,False,115,False,False
2021-08-11 22:00:00,0.00394888054056983,0.597128325059731,False,116,False,False
2021-08-11 23:00:00,0.0024586945858708284,0.597128325059731,False,109,False,False
2021-08-12 00:00:00,0.0043466305903117316,0.597128325059731,False,81,False,False
2021-08-12 01:00:00,0.0026252674859445282,0.597128325059731,False,115,False,False
2021-08-12 02:00:00,0.002566608731580383,0.597128325059731,False,110,False,False
2021-08-12 03:00:00,0.002660873812105745,0.597128325059731,False,110,False,False
2021-08-12 04:00:00,0.0021447274262674093,0.597128325059731,False,114,False,False
2021-08-12 05:00:00,0.003364757863291396,0.597128325059731,False,103,False,False
2021-08-12 06:00:00,0.003115076261766839,0.597128325059731,False,117,False,False
2021-08-12 07:00:00,0.004913422593078297,0.597128325059731,False,149,False,False
2021-08-12 08:00:00,0.47515786061789017,0.597128325059731,False,196,True,False
2021-08-12 09:00:00,0.9296140381371378,0.597128325059731,True,189,True,True
2021-08-12 10:00:00,0.530161614987745,0.597128325059731,False,186,True,True
2021-08-12 11:00:00,0.7276351252068842,0.597128325059731,True,199,True,True
2021-08-12 12:00:00,0.35904969529520014,0.597128325059731,False,133,True,False
2021-08-12 13:00:00,0.38125039091227964,0.597128325059731,False,191,True,False
2021-08-12 14:00:00,0.7956125347874137,0.597128325059731,True,193,True,False
2021-08-12 15:00:00,0.28673520997591123,0.597128325059731,False,197,True,False
2021-08-12 16:00:00,0.6297307938716236,0.597128325059731,True,176,False,True
2021-08-12 17:00:00,0.02208936769816965,0.597128325059731,False,160,False,False
2021-08-12 18:00:00,0.1451142712435265,0.597128325059731,False,177,False,False
2021-08-12 19:00:00,0.006722901261841628,0.597128325059731,False,182,False,False
2021-08-12 20:00:00,0.02536548005757831,0.597128325059731,False,127,False,False
2021-08-12 21:00:00,0.007103531604363913,0.597128325059731,False,114,False,False
2021-08-12 22:00:00,0.002991395149470127,0.597128325059731,False,122,False,False
2021-08-12 23:00:00,0.002150557239664118,0.597128325059731,False,118,False,False
2021-08-13 00:00:00,0.005787605228885976,0.597128325059731,False,79,False,False
2021-08-13 01:00:00,0.003629836469872358,0.597128325059731,False,105,False,False
2021-08-13 02:00:00,0.0022228098629917,0.597128325059731,False,117,False,False
2021-08-13 03:00:00,0.00223977826365817,0.597128325059731,False,120,False,False
2021-08-13 04:00:00,0.00527380869909983,0.597128325059731,False,116,False,False
2021-08-13 05:00:00,0.005059509051406282,0.597128325059731,False,108,False,False
2021-08-13 06:00:00,0.009391763341987176,0.597128325059731,False,116,False,False
2021-08-13 07:00:00,0.005722985060130947,0.597128325059731,False,166,False,False
2021-08-13 08:00:00,0.726817336786107,0.597128325059731,True,207,True,True
2021-08-13 09:00:00,0.8725680332955174,0.597128325059731,True,191,True,True
2021-08-13 10:00:00,0.536089743499141,0.597128325059731,False,201,True,True
2021-08-13 11:00:00,0.8951468588597249,0.597128325059731,True,204,True,True
2021-08-13 12:00:00,0.5172041710148269,0.597128325059731,False,134,True,False
2021-08-13 13:00:00,0.5727895098598386,0.597128325059731,False,195,True,False
2021-08-13 14:00:00,0.783390441670321,0.597128325059731,True,200,True,True
2021-08-13 15:00:00,0.3056869320920905,0.597128325059731,False,195,True,True
2021-08-13 16:00:00,0.5428469779812481,0.597128325059731,False,186,True,True
2021-08-13 17:00:00,0.0948932281370247,0.597128325059731,False,176,True,False
2021-08-13 18:00:00,0.24672461023110787,0.597128325059731,False,177,False,False
2021-08-13 19:00:00,0.02903722535547542,0.597128325059731,False,168,False,False
2021-08-13 20:00:00,0.023447556499918937,0.597128325059731,False,125,False,False
2021-08-13 21:00:00,0.0038565752229911842,0.597128325059731,False,119,False,False
2021-08-13 22:00:00,0.0028753015422231546,0.597128325059731,False,118,False,False
2021-08-13 23:00:00,0.0019143343276788443,0.597128325059731,False,116,False,False
2021-08-14 00:00:00,0.01821104390796569,0.597128325059731,False,67,False,False
2021-08-14 01:00:00,0.0022392863757774357,0.597128325059731,False,106,False,False
2021-08-14 02:00:00,0.0024201107130909006,0.597128325059731,False,108,False,False
2021-08-14 03:00:00,0.002081920464057357,0.597128325059731,False,98,False,False
2021-08-14 04:00:00,0.0021295457297397873,0.597128325059731,False,100,False,False
2021-08-14 05:00:00,0.002020390534818701,0.597128325059731,False,91,False,False
2021-08-14 06:00:00,0.0020537164804185284,0.597128325059731,False,91,False,False
2021-08-14 07:00:00,0.003389641186909199,0.597128325059731,False,75,False,False
2021-08-14 08:00:00,0.3274285847015669,0.597128325059731,False,26,False,False
2021-08-14 09:00:00,0.021728779868630983,0.597128325059731,False,23,False,False
2021-08-14 10:00:00,0.025827348825953896,0.597128325059731,False,21,False,False
2021-08-14 11:00:00,0.017768231422740463,0.597128325059731,False,26,False,False
2021-08-14 12:00:00,0.0033657172267082033,0.597128325059731,False,23,False,False
2021-08-14 13:00:00,0.01196048227964574,0.597128325059731,False,21,False,False
2021-08-14 14:00:00,0.014747459552391052,0.597128325059731,False,22,False,False
2021-08-14 15:00:00,0.0031369939240304197,0.597128325059731,False,26,False,False
2021-08-14 16:00:00,0.0056684596828402685,0.597128325059731,False,22,False,False
2021-08-14 17:00:00,0.0020729160504641317,0.597128325059731,False,22,False,False
2021-08-14 18:00:00,0.004421745471111433,0.597128325059731,False,24,False,False
2021-08-14 19:00:00,0.0014972935224235105,0.597128325059731,False,26,False,False
2021-08-14 20:00:00,0.0014903494840693143,0.597128325059731,False,22,False,False
2021-08-14 21:00:00,0.001421697009909426,0.597128325059731,False,23,False,False
2021-08-14 22:00:00,0.001396469521701251,0.597128325059731,False,25,False,False
2021-08-14 23:00:00,0.0014226990664899962,0.597128325059731,False,22,False,False
2021-08-15 00:00:00,0.0014739985902436441,0.597128325059731,False,22,False,False
2021-08-15 01:00:00,0.0014739985902436441,0.597128325059731,False,28,False,False
2021-08-15 02:00:00,0.001754191987007849,0.597128325059731,False,24,False,False
2021-08-15 03:00:00,0.0015140262605490523,0.597128325059731,False,22,False,False
2021-08-15 04:00:00,0.0014920696899156016,0.597128325059731,False,22,False,False
2021-08-15 05:00:00,0.0014948345404602582,0.597128325059731,False,25,False,False
2021-08-15 06:00:00,0.001577926263288002,0.597128325059731,False,22,False,False
2021-08-15 07:00:00,0.001551214437732689,0.597128325059731,False,21,False,False
2021-08-15 08:00:00,0.005418599371746295,0.597128325059731,False,26,False,False
2021-08-15 09:00:00,0.005192608226613352,0.597128325059731,False,24,False,False
2021-08-15 10:00:00,0.004886978481968279,0.597128325059731,False,21,False,False
2021-08-15 11:00:00,0.0049657202380609475,0.597128325059731,False,22,False,False
2021-08-15 12:00:00,0.0018110864104192363,0.597128325059731,False,26,False,False
2021-08-15 13:00:00,0.005563455748846488,0.597128325059731,False,22,False,False
2021-08-15 14:00:00,0.004937551811630755,0.597128325059731,False,22,False,False
2021-08-15 15:00:00,0.001735553059719861,0.597128325059731,False,21,False,False
2021-08-15 16:00:00,0.004578399603427383,0.597128325059731,False,25,False,False
2021-08-15 17:00:00,0.001444637753027651,0.597128325059731,False,22,False,False
2021-08-15 18:00:00,0.0020462821755952076,0.597128325059731,False,21,False,False
2021-08-15 19:00:00,0.0015162718977377336,0.597128325059731,False,25,False,False
2021-08-15 20:00:00,0.0014806695169609723,0.597128325059731,False,22,False,False
2021-08-15 21:00:00,0.0015602679154102747,0.597128325059731,False,22,False,False
2021-08-15 22:00:00,0.0015602679154102747,0.597128325059731,False,24,False,False
2021-08-15 23:00:00,0.0017698391949307456,0.597128325059731,False,25,False,False
2021-08-16 00:00:00,0.0021913962092566337,0.597128325059731,False,22,False,False
2021-08-16 01:00:00,0.0033061562677950285,0.597128325059731,False,23,False,False
2021-08-16 02:00:00,0.0021957032703230498,0.597128325059731,False,26,False,False
2021-08-16 03:00:00,0.0022235014972398683,0.597128325059731,False,21,False,False
2021-08-16 04:00:00,0.0021957032703230498,0.597128325059731,False,22,False,False
2021-08-16 05:00:00,0.003365983918520336,0.597128325059731,False,22,False,False
2021-08-16 06:00:00,0.0024986183614749344,0.597128325059731,False,26,False,False
2021-08-16 07:00:00,0.011488177557214086,0.597128325059731,False,122,False,False
2021-08-16 08:00:00,0.981811698800015,0.597128325059731,True,183,True,True
2021-08-16 09:00:00,0.7813454035146756,0.597128325059731,True,190,True,True
2021-08-16 10:00:00,0.9406876051482561,0.597128325059731,True,157,True,True
2021-08-16 11:00:00,0.8498436334891792,0.597128325059731,True,157,True,True
2021-08-16 12:00:00,0.028463908228648298,0.597128325059731,False,107,False,False
2021-08-16 13:00:00,0.8528826284576105,0.597128325059731,True,157,True,True
2021-08-16 14:00:00,0.48456863349365986,0.597128325059731,False,153,True,True
2021-08-16 15:00:00,0.5222666136019989,0.597128325059731,False,146,True,True
2021-08-16 16:00:00,0.07621958158216526,0.597128325059731,False,125,False,False
2021-08-16 17:00:00,0.002522523250951306,0.597128325059731,False,105,False,False
2021-08-16 18:00:00,0.002205326014333855,0.597128325059731,False,94,False,False
2021-08-16 19:00:00,0.001467400501775656,0.597128325059731,False,95,False,False
2021-08-16 20:00:00,0.0015115521283304075,0.597128325059731,False,102,False,False
2021-08-16 21:00:00,0.001472203603666519,0.597128325059731,False,116,False,False
2021-08-16 22:00:00,0.0019268901484649997,0.597128325059731,False,102,False,False
2021-08-16 23:00:00,0.0019192693316410871,0.597128325059731,False,102,False,False
2021-08-17 00:00:00,0.0014130554993641645,0.597128325059731,False,71,False,False
2021-08-17 01:00:00,0.0013541458433444279,0.597128325059731,False,100,False,False
2021-08-17 02:00:00,0.0015844607822185029,0.597128325059731,False,101,False,False
2021-08-17 03:00:00,0.001620539859159509,0.597128325059731,False,99,False,False
2021-08-17 04:00:00,0.0014217372835097785,0.597128325059731,False,98,False,False
2021-08-17 05:00:00,0.0022161844110694297,0.597128325059731,False,103,False,False
2021-08-17 06:00:00,0.0025899551499836684,0.597128325059731,False,96,False,False
2021-08-17 07:00:00,0.013328893092281214,0.597128325059731,False,146,False,False
2021-08-17 08:00:00,0.5461166693093864,0.597128325059731,False,171,True,True
2021-08-17 09:00:00,0.5433150354086624,0.597128325059731,False,170,True,True
2021-08-17 10:00:00,0.05744918822206789,0.597128325059731,False,165,True,True
2021-08-17 11:00:00,0.05936043766346934,0.597128325059731,False,173,True,False
2021-08-17 12:00:00,0.013620679148558107,0.597128325059731,False,134,False,False
2021-08-17 13:00:00,0.4926396814123061,0.597128325059731,False,164,True,True
2021-08-17 14:00:00,0.02104707084971777,0.597128325059731,False,164,True,False
2021-08-17 15:00:00,0.01140564583468335,0.597128325059731,False,168,False,False
2021-08-17 16:00:00,0.009589014152626783,0.597128325059731,False,158,False,False
2021-08-17 17:00:00,0.0015112849373813495,0.597128325059731,False,135,False,False
2021-08-17 18:00:00,0.014237546775093021,0.597128325059731,False,158,False,False
2021-08-17 19:00:00,0.006355461718910844,0.597128325059731,False,143,False,False
2021-08-17 20:00:00,0.0014054838882233405,0.597128325059731,False,128,False,False
2021-08-17 21:00:00,0.0017430700159577442,0.597128325059731,False,121,False,False
2021-08-17 22:00:00,0.0014900137200763541,0.597128325059731,False,118,False,False
2021-08-17 23:00:00,0.002043171886340834,0.597128325059731,False,118,False,False
2021-08-18 00:00:00,0.002278735125107482,0.597128325059731,False,66,False,False
2021-08-18 01:00:00,0.0014791962661516774,0.597128325059731,False,105,False,False
2021-08-18 02:00:00,0.0012604676052777933,0.597128325059731,False,105,False,False
2021-08-18 03:00:00,0.0012597493055591666,0.597128325059731,False,101,False,False
2021-08-18 04:00:00,0.0011530833834933495,0.597128325059731,False,99,False,False
2021-08-18 05:00:00,0.0010696098849931547,0.597128325059731,False,98,False,False
2021-08-18 06:00:00,0.0012741887301386972,0.597128325059731,False,107,False,False
2021-08-18 07:00:00,0.0053963066426514755,0.597128325059731,False,146,False,False
2021-08-18 08:00:00,0.07857760445667854,0.597128325059731,False,174,True,False
2021-08-18 09:00:00,0.03547544606552447,0.597128325059731,False,172,True,False
2021-08-18 10:00:00,0.09253221147393167,0.597128325059731,False,176,True,True
2021-08-18 11:00:00,0.20069691925289646,0.597128325059731,False,183,True,True
2021-08-18 12:00:00,0.03305298359145978,0.597128325059731,False,120,False,False
2021-08-18 13:00:00,0.2838333992112236,0.597128325059731,False,177,True,True
2021-08-18 14:00:00,0.015958389921326577,0.597128325059731,False,185,True,False
2021-08-18 15:00:00,0.22080911578576273,0.597128325059731,False,184,True,True
2021-08-18 16:00:00,0.06982788888994534,0.597128325059731,False,188,True,False
2021-08-18 17:00:00,0.024510695320283608,0.597128325059731,False,186,False,False
2021-08-18 18:00:00,0.19009671216136043,0.597128325059731,False,174,False,False
2021-08-18 19:00:00,0.002064295216988803,0.597128325059731,False,158,False,False
2021-08-18 20:00:00,0.0016798119359469226,0.597128325059731,False,124,False,False
2021-08-18 21:00:00,0.0018544146197844672,0.597128325059731,False,123,False,False
2021-08-18 22:00:00,0.0014206975367906426,0.597128325059731,False,125,False,False
2021-08-18 23:00:00,0.001265160410984069,0.597128325059731,False,112,False,False
2021-08-19 00:00:00,0.0017326274242600475,0.597128325059731,False,77,False,False
2021-08-19 01:00:00,0.0011127653945132582,0.597128325059731,False,114,False,False
2021-08-19 02:00:00,0.0017253451575419201,0.597128325059731,False,116,False,False
2021-08-19 03:00:00,0.0016616329914623722,0.597128325059731,False,119,False,False
2021-08-19 04:00:00,0.001650377680773737,0.597128325059731,False,108,False,False
2021-08-19 05:00:00,0.0017596148919768423,0.597128325059731,False,106,False,False
2021-08-19 06:00:00,0.0015746618444322886,0.597128325059731,False,119,False,False
2021-08-19 07:00:00,0.004072426477897763,0.597128325059731,False,143,False,False
2021-08-19 08:00:00,0.8398932607351619,0.597128325059731,True,185,True,True
2021-08-19 09:00:00,0.5562868661976731,0.597128325059731,False,182,True,True
2021-08-19 10:00:00,0.8177598977896914,0.597128325059731,True,177,True,True
2021-08-19 11:00:00,0.48879209244581545,0.597128325059731,False,188,True,True
2021-08-19 12:00:00,0.012525865239089317,0.597128325059731,False,120,False,False
2021-08-19 13:00:00,0.8357647225977081,0.597128325059731,True,172,True,True
2021-08-19 14:00:00,0.07485761255858063,0.597128325059731,False,184,True,False
2021-08-19 15:00:00,0.10284879336987257,0.597128325059731,False,185,True,False
2021-08-19 16:00:00,0.025336928560406837,0.597128325059731,False,171,True,False
2021-08-19 17:00:00,0.008232624855482776,0.597128325059731,False,155,False,False
2021-08-19 18:00:00,0.018708198259735867,0.597128325059731,False,161,False,False
2021-08-19 19:00:00,0.007230285259436572,0.597128325059731,False,153,False,False
2021-08-19 20:00:00,0.0017271552384871265,0.597128325059731,False,134,False,False
2021-08-19 21:00:00,0.001885803235651645,0.597128325059731,False,123,False,False
2021-08-19 22:00:00,0.0026084495897735465,0.597128325059731,False,125,False,False
2021-08-19 23:00:00,0.0016352428686564509,0.597128325059731,False,117,False,False
2021-08-20 00:00:00,0.004168488400665495,0.597128325059731,False,80,False,False
2021-08-20 01:00:00,0.002638857496784757,0.597128325059731,False,109,False,False
2021-08-20 02:00:00,0.0015063694141627675,0.597128325059731,False,110,False,False
2021-08-20 03:00:00,0.0011804426072585046,0.597128325059731,False,107,False,False
2021-08-20 04:00:00,0.001300759457698148,0.597128325059731,False,106,False,False
2021-08-20 05:00:00,0.0012525643285212914,0.597128325059731,False,104,False,False
2021-08-20 06:00:00,0.0013384759519963554,0.597128325059731,False,115,False,False
2021-08-20 07:00:00,0.004855840903034748,0.597128325059731,False,146,False,False
2021-08-20 08:00:00,0.22851412707306695,0.597128325059731,False,179,True,False
2021-08-20 09:00:00,0.23730342371142799,0.597128325059731,False,175,True,True
2021-08-20 10:00:00,0.3833835156058363,0.597128325059731,False,168,True,True
2021-08-20 11:00:00,0.07279043478362775,0.597128325059731,False,193,True,False
2021-08-20 12:00:00,0.24279877439161557,0.597128325059731,False,134,False,False
2021-08-20 13:00:00,0.9433715307997028,0.597128325059731,True,180,True,True
2021-08-20 14:00:00,0.8304402477373507,0.597128325059731,True,184,True,True
2021-08-20 15:00:00,0.7446017027606602,0.597128325059731,True,176,True,True
2021-08-20 16:00:00,0.14389478656551155,0.597128325059731,False,177,False,False
2021-08-20 17:00:00,0.00660017623511591,0.597128325059731,False,164,False,False
2021-08-20 18:00:00,0.10947199346623451,0.597128325059731,False,158,False,True
2021-08-20 19:00:00,0.004594489269509059,0.597128325059731,False,146,False,False
2021-08-20 20:00:00,0.002184949898600497,0.597128325059731,False,125,False,False
2021-08-20 21:00:00,0.0017132586747744144,0.597128325059731,False,121,False,False
2021-08-20 22:00:00,0.0020103112544222696,0.597128325059731,False,113,False,False
2021-08-20 23:00:00,0.001524015484053203,0.597128325059731,False,106,False,False
2021-08-21 00:00:00,0.001782067203010689,0.597128325059731,False,64,False,False
2021-08-21 01:00:00,0.0015515759097454816,0.597128325059731,False,99,False,False
2021-08-21 02:00:00,0.0017684486424326665,0.597128325059731,False,109,False,False
2021-08-21 03:00:00,0.0015131912479132534,0.597128325059731,False,102,False,False
2021-08-21 04:00:00,0.0017348495539161568,0.597128325059731,False,107,False,False
2021-08-21 05:00:00,0.0014770505043561395,0.597128325059731,False,110,False,False
2021-08-21 06:00:00,0.0017762457335657694,0.597128325059731,False,103,False,False
2021-08-21 07:00:00,0.0016166482452307587,0.597128325059731,False,94,False,False
2021-08-21 08:00:00,0.12525749198331088,0.597128325059731,False,26,False,False
2021-08-21 09:00:00,0.005961539981108732,0.597128325059731,False,21,False,False
2021-08-21 10:00:00,0.0038292091958275305,0.597128325059731,False,22,False,False
2021-08-21 11:00:00,0.011717929519487674,0.597128325059731,False,26,False,False
2021-08-21 12:00:00,0.002356628837166859,0.597128325059731,False,22,False,False
2021-08-21 13:00:00,0.006155828212188115,0.597128325059731,False,21,False,False
2021-08-21 14:00:00,0.0052891815671881285,0.597128325059731,False,26,False,False
2021-08-21 15:00:00,0.001754966553187842,0.597128325059731,False,23,False,False
2021-08-21 16:00:00,0.004865245228902623,0.597128325059731,False,22,False,False
2021-08-21 17:00:00,0.0014903494840693143,0.597128325059731,False,22,False,False
2021-08-21 18:00:00,0.001396469521701251,0.597128325059731,False,27,False,False
2021-08-21 19:00:00,0.0014903494840693143,0.597128325059731,False,21,False,False
2021-08-21 20:00:00,0.0014903494840693143,0.597128325059731,False,22,False,False
2021-08-21 21:00:00,0.0014573080758302826,0.597128325059731,False,23,False,False
2021-08-21 22:00:00,0.001396469521701251,0.597128325059731,False,27,False,False
2021-08-21 23:00:00,0.001396469521701251,0.597128325059731,False,23,False,False
2021-08-22 00:00:00,0.0014954231612831063,0.597128325059731,False,23,False,False
2021-08-22 01:00:00,0.0015803207277807303,0.597128325059731,False,26,False,False
2021-08-22 02:00:00,0.0015857163584599523,0.597128325059731,False,27,False,False
2021-08-22 03:00:00,0.0015107977916845798,0.597128325059731,False,24,False,False
2021-08-22 04:00:00,0.0016013830070566513,0.597128325059731,False,22,False,False
2021-08-22 05:00:00,0.0015439483573199872,0.597128325059731,False,26,False,False
2021-08-22 06:00:00,0.001784728920138567,0.597128325059731,False,22,False,False
2021-08-22 07:00:00,0.001759529340099961,0.597128325059731,False,22,False,False
2021-08-22 08:00:00,0.0025918711178102233,0.597128325059731,False,22,False,False
2021-08-22 09:00:00,0.0018808385397976128,0.597128325059731,False,27,False,False
2021-08-22 10:00:00,0.0019154849751491748,0.597128325059731,False,22,False,False
2021-08-22 11:00:00,0.005025096285499861,0.597128325059731,False,23,False,False
2021-08-22 12:00:00,0.001856860250172434,0.597128325059731,False,24,False,False
2021-08-22 13:00:00,0.002663457152708337,0.597128325059731,False,26,False,False
2021-08-22 14:00:00,0.002577514300123414,0.597128325059731,False,23,False,False
2021-08-22 15:00:00,0.001735553059719861,0.597128325059731,False,23,False,False
2021-08-22 16:00:00,0.002185946780999485,0.597128325059731,False,27,False,False
2021-08-22 17:00:00,0.0014643531381318283,0.597128325059731,False,22,False,False
2021-08-22 18:00:00,0.0015162718977377336,0.597128325059731,False,22,False,False
2021-08-22 19:00:00,0.0015162718977377336,0.597128325059731,False,22,False,False
2021-08-22 20:00:00,0.0015162718977377336,0.597128325059731,False,26,False,False
2021-08-22 21:00:00,0.0015602679154102747,0.597128325059731,False,23,False,False
2021-08-22 22:00:00,0.0015602679154102747,0.597128325059731,False,24,False,False
2021-08-22 23:00:00,0.0014713983031544727,0.597128325059731,False,26,False,False
2021-08-23 00:00:00,0.002499375860510434,0.597128325059731,False,25,False,False
2021-08-23 01:00:00,0.002210708033853733,0.597128325059731,False,23,False,False
2021-08-23 02:00:00,0.0022417533008659285,0.597128325059731,False,23,False,False
2021-08-23 03:00:00,0.0022417533008659285,0.597128325059731,False,27,False,False
2021-08-23 04:00:00,0.00211414334245662,0.597128325059731,False,22,False,False
2021-08-23 05:00:00,0.0024910682241624502,0.597128325059731,False,22,False,False
2021-08-23 06:00:00,0.0024910682241624502,0.597128325059731,False,22,False,False
2021-08-23 07:00:00,0.004285947506594992,0.597128325059731,False,92,False,False
2021-08-23 08:00:00,0.9788842230025063,0.597128325059731,True,181,True,True
2021-08-23 09:00:00,0.24045939254864224,0.597128325059731,False,187,True,True
2021-08-23 10:00:00,0.20086328060945383,0.597128325059731,False,182,True,False
2021-08-23 11:00:00,0.9433807100327694,0.597128325059731,True,191,True,True
2021-08-23 12:00:00,0.54356903223963,0.597128325059731,False,136,False,False
2021-08-23 13:00:00,0.9774892735546645,0.597128325059731,True,193,True,True
2021-08-23 14:00:00,0.553311038010033,0.597128325059731,False,190,True,True
2021-08-23 15:00:00,0.3277516590014371,0.597128325059731,False,196,True,True
2021-08-23 16:00:00,0.19034341326027346,0.597128325059731,False,177,True,True
2021-08-23 17:00:00,0.030432951534367765,0.597128325059731,False,177,False,False
2021-08-23 18:00:00,0.7839657621222633,0.597128325059731,True,179,False,True
2021-08-23 19:00:00,0.016422573453039494,0.597128325059731,False,137,False,False
2021-08-23 20:00:00,0.0020447176639551657,0.597128325059731,False,118,False,False
2021-08-23 21:00:00,0.0015246504780142742,0.597128325059731,False,117,False,False
2021-08-23 22:00:00,0.0014757313417342963,0.597128325059731,False,113,False,False
2021-08-23 23:00:00,0.0015090512526376248,0.597128325059731,False,107,False,False
2021-08-24 00:00:00,0.0015827388941115333,0.597128325059731,False,67,False,False
2021-08-24 01:00:00,0.0013359839739660439,0.597128325059731,False,111,False,False
2021-08-24 02:00:00,0.001962041364825442,0.597128325059731,False,115,False,False
2021-08-24 03:00:00,0.0017179075102280675,0.597128325059731,False,115,False,False
2021-08-24 04:00:00,0.0018501738551657551,0.597128325059731,False,113,False,False
2021-08-24 05:00:00,0.0013644946409694862,0.597128325059731,False,106,False,False
2021-08-24 06:00:00,0.00141263523915818,0.597128325059731,False,115,False,False
2021-08-24 07:00:00,0.002735078282022906,0.597128325059731,False,145,False,False
2021-08-24 08:00:00,0.9073803269221596,0.597128325059731,True,196,True,True
2021-08-24 09:00:00,0.9877815748670888,0.597128325059731,True,190,True,True
2021-08-24 10:00:00,0.7999460561614349,0.597128325059731,True,181,True,True
2021-08-24 11:00:00,0.9454750409910102,0.597128325059731,True,188,True,True
2021-08-24 12:00:00,0.10116215074623179,0.597128325059731,False,130,False,False
2021-08-24 13:00:00,0.9599696190331937,0.597128325059731,True,180,True,True
2021-08-24 14:00:00,0.876871490932137,0.597128325059731,True,190,True,True
2021-08-24 15:00:00,0.346531119113991,0.597128325059731,False,201,True,True
2021-08-24 16:00:00,0.8129084988876927,0.597128325059731,True,191,True,True
2021-08-24 17:00:00,0.1652059766926532,0.597128325059731,False,157,True,True
2021-08-24 18:00:00,0.021578954719909553,0.597128325059731,False,156,False,False
2021-08-24 19:00:00,0.014114856710810926,0.597128325059731,False,164,False,False
2021-08-24 20:00:00,0.0028632570611415694,0.597128325059731,False,125,False,False
2021-08-24 21:00:00,0.001943821076576389,0.597128325059731,False,123,False,False
2021-08-24 22:00:00,0.002076545376503291,0.597128325059731,False,120,False,False
2021-08-24 23:00:00,0.0018513247348456861,0.597128325059731,False,107,False,False
2021-08-25 00:00:00,0.0027846575693497707,0.597128325059731,False,81,False,False
2021-08-25 01:00:00,0.002070970314738773,0.597128325059731,False,111,False,False
2021-08-25 02:00:00,0.002148831977243616,0.597128325059731,False,115,False,False
2021-08-25 03:00:00,0.0023852213830831727,0.597128325059731,False,106,False,False
2021-08-25 04:00:00,0.0024167031986945505,0.597128325059731,False,110,False,False
2021-08-25 05:00:00,0.0019438624843869702,0.597128325059731,False,107,False,False
2021-08-25 06:00:00,0.012684053300427225,0.597128325059731,False,108,False,False
2021-08-25 07:00:00,0.00394244063515519,0.597128325059731,False,162,False,False
2021-08-25 08:00:00,0.5449558442102521,0.597128325059731,False,182,True,True
2021-08-25 09:00:00,0.8707840700795457,0.597128325059731,True,181,True,True
2021-08-25 10:00:00,0.810684379468468,0.597128325059731,True,189,True,True
2021-08-25 11:00:00,0.9213643430902512,0.597128325059731,True,184,True,True
2021-08-25 12:00:00,0.0745136582853698,0.597128325059731,False,121,False,False
2021-08-25 13:00:00,0.9441702079156262,0.597128325059731,True,180,True,True
2021-08-25 14:00:00,0.8653279393224864,0.597128325059731,True,184,True,True
2021-08-25 15:00:00,0.8371354781204714,0.597128325059731,True,180,True,True
2021-08-25 16:00:00,0.22736193271343552,0.597128325059731,False,172,True,True
2021-08-25 17:00:00,0.014818455876509803,0.597128325059731,False,176,False,False
2021-08-25 18:00:00,0.03603468697539871,0.597128325059731,False,172,False,False
2021-08-25 19:00:00,0.00623089368275115,0.597128325059731,False,152,False,False
2021-08-25 20:00:00,0.0031521719639807984,0.597128325059731,False,124,False,False
2021-08-25 21:00:00,0.00153694562041411,0.597128325059731,False,131,False,False
2021-08-25 22:00:00,0.0025355130194630888,0.597128325059731,False,114,False,False
2021-08-25 23:00:00,0.00239874553759898,0.597128325059731,False,119,False,False
2021-08-26 00:00:00,0.00469613167444086,0.597128325059731,False,73,False,False
2021-08-26 01:00:00,0.001665689055728435,0.597128325059731,False,110,False,False
2021-08-26 02:00:00,0.0015914233190342504,0.597128325059731,False,118,False,False
2021-08-26 03:00:00,0.0020026500362588548,0.597128325059731,False,104,False,False
2021-08-26 04:00:00,0.0027682850009078655,0.597128325059731,False,115,False,False
2021-08-26 05:00:00,0.0016042012379185906,0.597128325059731,False,108,False,False
2021-08-26 06:00:00,0.002570989669754607,0.597128325059731,False,111,False,False
2021-08-26 07:00:00,0.002989010156684302,0.597128325059731,False,147,False,False
2021-08-26 08:00:00,0.29076477900276676,0.597128325059731,False,196,True,True
2021-08-26 09:00:00,0.9837074869630258,0.597128325059731,True,199,True,True
2021-08-26 10:00:00,0.9350447231858072,0.597128325059731,True,193,True,True
2021-08-26 11:00:00,0.9841655681862785,0.597128325059731,True,194,True,True
2021-08-26 12:00:00,0.401090248220622,0.597128325059731,False,127,False,False
2021-08-26 13:00:00,0.9616704347180873,0.597128325059731,True,199,True,True
2021-08-26 14:00:00,0.9752162309127628,0.597128325059731,True,190,True,True
2021-08-26 15:00:00,0.8136335332290017,0.597128325059731,True,202,True,True
2021-08-26 16:00:00,0.6551169032438462,0.597128325059731,True,186,True,True
2021-08-26 17:00:00,0.049014919520640694,0.597128325059731,False,161,True,False
2021-08-26 18:00:00,0.5402742177685005,0.597128325059731,False,167,True,False
2021-08-26 19:00:00,0.00880618634086959,0.597128325059731,False,170,False,False
2021-08-26 20:00:00,0.004559058179802176,0.597128325059731,False,121,False,False
2021-08-26 21:00:00,0.0034992831751577184,0.597128325059731,False,128,False,False
2021-08-26 22:00:00,0.0030192931764970532,0.597128325059731,False,116,False,False
2021-08-26 23:00:00,0.0023865675306491982,0.597128325059731,False,113,False,False
2021-08-27 00:00:00,0.004067333145997907,0.597128325059731,False,77,False,False
2021-08-27 01:00:00,0.002889827977070712,0.597128325059731,False,111,False,False
2021-08-27 02:00:00,0.002479540381804061,0.597128325059731,False,115,False,False
2021-08-27 03:00:00,0.002050560589479816,0.597128325059731,False,114,False,False
2021-08-27 04:00:00,0.003152392842119356,0.597128325059731,False,112,False,False
2021-08-27 05:00:00,0.002425891011055181,0.597128325059731,False,104,False,False
2021-08-27 06:00:00,0.005592475212608502,0.597128325059731,False,103,False,False
2021-08-27 07:00:00,0.003354755652781579,0.597128325059731,False,135,False,False
2021-08-27 08:00:00,0.6856160103113564,0.597128325059731,True,190,True,True
2021-08-27 09:00:00,0.8522645196397414,0.597128325059731,True,185,True,True
2021-08-27 10:00:00,0.9105560829136213,0.597128325059731,True,177,True,True
2021-08-27 11:00:00,0.9209173347471342,0.597128325059731,True,182,True,True
2021-08-27 12:00:00,0.035923487906603185,0.597128325059731,False,125,False,False
2021-08-27 13:00:00,0.7856153798332457,0.597128325059731,True,179,True,True
2021-08-27 14:00:00,0.7282100722075404,0.597128325059731,True,169,True,True
2021-08-27 15:00:00,0.30707864841999744,0.597128325059731,False,175,True,True
2021-08-27 16:00:00,0.0215932372755233,0.597128325059731,False,161,False,False
2021-08-27 17:00:00,0.0024166503186262983,0.597128325059731,False,163,False,False
2021-08-27 18:00:00,0.027552950128614383,0.597128325059731,False,157,False,False
2021-08-27 19:00:00,0.004708417712927857,0.597128325059731,False,138,False,False
2021-08-27 20:00:00,0.002197163606603168,0.597128325059731,False,111,False,False
2021-08-27 21:00:00,0.0019592665739960754,0.597128325059731,False,115,False,False
2021-08-27 22:00:00,0.001630789585226427,0.597128325059731,False,105,False,False
2021-08-27 23:00:00,0.0013963430536833145,0.597128325059731,False,113,False,False
2021-08-28 00:00:00,0.0014833165462983253,0.597128325059731,False,75,False,False
2021-08-28 01:00:00,0.0015147098830538214,0.597128325059731,False,111,False,False
2021-08-28 02:00:00,0.0016168656953422073,0.597128325059731,False,119,False,False
2021-08-28 03:00:00,0.0014548320934676625,0.597128325059731,False,109,False,False
2021-08-28 04:00:00,0.002116363224079031,0.597128325059731,False,107,False,False
2021-08-28 05:00:00,0.001521679258916068,0.597128325059731,False,107,False,False
2021-08-28 06:00:00,0.002083508447228198,0.597128325059731,False,103,False,False
2021-08-28 07:00:00,0.0018000494209848559,0.597128325059731,False,94,False,False
2021-08-28 08:00:00,0.15445260937851396,0.597128325059731,False,36,False,False
2021-08-28 09:00:00,0.016615319940087976,0.597128325059731,False,36,False,False
2021-08-28 10:00:00,0.01378550132318062,0.597128325059731,False,41,False,False
2021-08-28 11:00:00,0.007745507561652714,0.597128325059731,False,39,False,False
2021-08-28 12:00:00,0.00198394341481339,0.597128325059731,False,38,False,False
2021-08-28 13:00:00,0.007674065164815948,0.597128325059731,False,41,False,False
2021-08-28 14:00:00,0.005272659190324009,0.597128325059731,False,41,False,False
2021-08-28 15:00:00,0.004670673999757305,0.597128325059731,False,38,False,False
2021-08-28 16:00:00,0.0023489012487116867,0.597128325059731,False,52,False,False
2021-08-28 17:00:00,0.0015585986015402699,0.597128325059731,False,47,False,False
2021-08-28 18:00:00,0.005857152146840475,0.597128325059731,False,0,False,False
2021-08-28 19:00:00,0.001468321804191413,0.597128325059731,False,0,False,False
2021-08-28 20:00:00,0.0014360563717074897,0.597128325059731,False,0,False,False
2021-08-28 21:00:00,0.0014360563717074897,0.597128325059731,False,0,False,False
2021-08-28 22:00:00,0.001342708795428171,0.597128325059731,False,0,False,False
2021-08-28 23:00:00,0.001370091728387092,0.597128325059731,False,0,False,False
2021-08-29 00:00:00,0.0014109488531884836,0.597128325059731,False,0,False,False
2021-08-29 01:00:00,0.0014177673310686967,0.597128325059731,False,0,False,False
2021-08-29 02:00:00,0.0014285927094051804,0.597128325059731,False,0,False,False
2021-08-29 03:00:00,0.0014285927094051804,0.597128325059731,False,0,False,False
2021-08-29 04:00:00,0.0014285927094051804,0.597128325059731,False,0,False,False
2021-08-29 05:00:00,0.0015068559843447833,0.597128325059731,False,0,False,False
2021-08-29 06:00:00,0.0014920265526353182,0.597128325059731,False,0,False,False
2021-08-29 07:00:00,0.001598422116944386,0.597128325059731,False,0,False,False
2021-08-29 08:00:00,0.0051383807112584026,0.597128325059731,False,0,False,False
2021-08-29 09:00:00,0.0025632823066235304,0.597128325059731,False,0,False,False
2021-08-29 10:00:00,0.001759881150821209,0.597128325059731,False,0,False,False
2021-08-29 11:00:00,0.0025779228675931035,0.597128325059731,False,41,False,False
2021-08-29 12:00:00,0.006361193444396729,0.597128325059731,False,23,False,False
2021-08-29 13:00:00,0.004963510358261132,0.597128325059731,False,19,False,False
2021-08-29 14:00:00,0.004278124136145507,0.597128325059731,False,22,False,False
2021-08-29 15:00:00,0.0038527616477721394,0.597128325059731,False,21,False,False
2021-08-29 16:00:00,0.0038003000884101468,0.597128325059731,False,23,False,False
2021-08-29 17:00:00,0.003439046082749528,0.597128325059731,False,26,False,False
2021-08-29 18:00:00,0.003594849366636445,0.597128325059731,False,25,False,False
2021-08-29 19:00:00,0.0031680370233722298,0.597128325059731,False,21,False,False
2021-08-29 20:00:00,0.003241948739014575,0.597128325059731,False,20,False,False
2021-08-29 21:00:00,0.004111611043298936,0.597128325059731,False,21,False,False
2021-08-29 22:00:00,0.0022515514297623334,0.597128325059731,False,24,False,False
2021-08-29 23:00:00,0.0020453515013070882,0.597128325059731,False,21,False,False
2021-08-30 00:00:00,0.002852562787743429,0.597128325059731,False,20,False,False
2021-08-30 01:00:00,0.002621394892219792,0.597128325059731,False,23,False,False
2021-08-30 02:00:00,0.0026639736770922386,0.597128325059731,False,24,False,False
2021-08-30 03:00:00,0.002658295015028975,0.597128325059731,False,21,False,False
2021-08-30 04:00:00,0.0025493633140982307,0.597128325059731,False,20,False,False
2021-08-30 05:00:00,0.002452648452872884,0.597128325059731,False,20,False,False
2021-08-30 06:00:00,0.002452648452872884,0.597128325059731,False,24,False,False
2021-08-30 07:00:00,0.0028615734592008562,0.597128325059731,False,80,False,False
2021-08-30 08:00:00,0.9409941763594509,0.597128325059731,True,183,True,True
2021-08-30 09:00:00,0.5844971923786382,0.597128325059731,False,180,True,True
2021-08-30 10:00:00,0.5139094016391826,0.597128325059731,False,186,True,True
2021-08-30 11:00:00,0.6991042110061688,0.597128325059731,True,180,True,True
2021-08-30 12:00:00,0.23851403875392252,0.597128325059731,False,134,False,False
2021-08-30 13:00:00,0.949280479579991,0.597128325059731,True,177,True,True
2021-08-30 14:00:00,0.3631681155119198,0.597128325059731,False,174,True,True
2021-08-30 15:00:00,0.09522192150504513,0.597128325059731,False,177,True,True
2021-08-30 16:00:00,0.06689011370628745,0.597128325059731,False,174,True,False
2021-08-30 17:00:00,0.005791072965450619,0.597128325059731,False,172,False,False
2021-08-30 18:00:00,0.06077525160120574,0.597128325059731,False,172,True,False
2021-08-30 19:00:00,0.005109164949269267,0.597128325059731,False,162,False,False
2021-08-30 20:00:00,0.0037262750379845585,0.597128325059731,False,132,False,False
2021-08-30 21:00:00,0.0019123540032888221,0.597128325059731,False,135,False,False
2021-08-30 22:00:00,0.0022456518316490283,0.597128325059731,False,123,False,False
2021-08-30 23:00:00,0.0014511043136841895,0.597128325059731,False,115,False,False
2021-08-31 00:00:00,0.0029714157904724894,0.597128325059731,False,76,False,False
2021-08-31 01:00:00,0.0013825386656495478,0.597128325059731,False,111,False,False
2021-08-31 02:00:00,0.0015036969816069614,0.597128325059731,False,114,False,False
2021-08-31 03:00:00,0.0013160718188267254,0.597128325059731,False,107,False,False
2021-08-31 04:00:00,0.0014010971584770531,0.597128325059731,False,114,False,False
2021-08-31 05:00:00,0.001493055116538367,0.597128325059731,False,114,False,False
2021-08-31 06:00:00,0.01464452553658756,0.597128325059731,False,114,False,False
2021-08-31 07:00:00,0.008166257333533027,0.597128325059731,False,144,False,False
2021-08-31 08:00:00,0.7962667484703154,0.597128325059731,True,177,True,True
2021-08-31 09:00:00,0.12948072902037475,0.597128325059731,False,185,True,True
2021-08-31 10:00:00,0.7176540011542902,0.597128325059731,True,187,True,True
2021-08-31 11:00:00,0.5027573269959148,0.597128325059731,False,182,True,True
2021-08-31 12:00:00,0.017291445757231506,0.597128325059731,False,135,False,False
2021-08-31 13:00:00,0.7315588340448829,0.597128325059731,True,184,True,True
2021-08-31 14:00:00,0.2552236749098622,0.597128325059731,False,187,True,True
2021-08-31 15:00:00,0.6872565310228143,0.597128325059731,True,170,True,True
2021-08-31 16:00:00,0.024586829450830232,0.597128325059731,False,180,True,False
2021-08-31 17:00:00,0.014644198655120608,0.597128325059731,False,139,False,False
2021-08-31 18:00:00,0.03239854084715198,0.597128325059731,False,162,False,False
2021-08-31 19:00:00,0.002006374889448617,0.597128325059731,False,154,False,False
2021-08-31 20:00:00,0.002141447930370536,0.597128325059731,False,152,False,False
2021-08-31 21:00:00,0.001924983041428579,0.597128325059731,False,132,False,False
2021-08-31 22:00:00,0.002226429372733525,0.597128325059731,False,127,False,False
2021-08-31 23:00:00,0.0018444342132642253,0.597128325059731,False,128,False,False
2021-09-01 00:00:00,0.002105279169172936,0.32317529849958704,False,83,False,False
2021-09-01 01:00:00,0.0022956420831613733,0.32317529849958704,False,117,False,False
2021-09-01 02:00:00,0.0018518128324184861,0.32317529849958704,False,121,False,False
2021-09-01 03:00:00,0.002275629997935374,0.32317529849958704,False,103,False,False
2021-09-01 04:00:00,0.0020808835093435655,0.32317529849958704,False,119,False,False
2021-09-01 05:00:00,0.001917952685639115,0.32317529849958704,False,112,False,False
2021-09-01 06:00:00,0.004971851526975245,0.32317529849958704,False,119,False,False
2021-09-01 07:00:00,0.008426787046863879,0.32317529849958704,False,139,False,False
2021-09-01 08:00:00,0.8085437884495796,0.32317529849958704,True,198,True,True
2021-09-01 09:00:00,0.9903303190077152,0.32317529849958704,True,189,True,True
2021-09-01 10:00:00,0.965630357661577,0.32317529849958704,True,196,True,True
2021-09-01 11:00:00,0.9921802413295903,0.32317529849958704,True,180,True,True
2021-09-01 12:00:00,0.05722148156577295,0.32317529849958704,False,138,False,False
2021-09-01 13:00:00,0.9815586837140979,0.32317529849958704,True,190,True,True
2021-09-01 14:00:00,0.9902076318429156,0.32317529849958704,True,192,True,True
2021-09-01 15:00:00,0.9815737481619287,0.32317529849958704,True,182,True,True
2021-09-01 16:00:00,0.6216405452956109,0.32317529849958704,True,187,True,True
2021-09-01 17:00:00,0.2829123105338369,0.32317529849958704,False,180,True,False
2021-09-01 18:00:00,0.7915749530892107,0.32317529849958704,True,167,True,True
2021-09-01 19:00:00,0.004191479004386468,0.32317529849958704,False,163,False,False
2021-09-01 20:00:00,0.0019096018296966923,0.32317529849958704,False,139,False,False
2021-09-01 21:00:00,0.0015564298350147858,0.32317529849958704,False,133,False,False
2021-09-01 22:00:00,0.0018610864669349357,0.32317529849958704,False,128,False,False
2021-09-01 23:00:00,0.0015507711776758784,0.32317529849958704,False,121,False,False
2021-09-02 00:00:00,0.0026276250958153077,0.32317529849958704,False,87,False,False
2021-09-02 01:00:00,0.0024537895305829223,0.32317529849958704,False,119,False,False
2021-09-02 02:00:00,0.002180382972319143,0.32317529849958704,False,119,False,False
2021-09-02 03:00:00,0.0026821834183549604,0.32317529849958704,False,118,False,False
2021-09-02 04:00:00,0.0036882391721778764,0.32317529849958704,False,120,False,False
2021-09-02 05:00:00,0.0024619668015475908,0.32317529849958704,False,108,False,False
2021-09-02 06:00:00,0.0022954325858122785,0.32317529849958704,False,117,False,False
2021-09-02 07:00:00,0.03481597846770724,0.32317529849958704,False,160,False,False
2021-09-02 08:00:00,0.9505980100667544,0.32317529849958704,True,171,True,True
2021-09-02 09:00:00,0.9540449030980646,0.32317529849958704,True,198,True,True
2021-09-02 10:00:00,0.9908051906610994,0.32317529849958704,True,188,True,True
2021-09-02 11:00:00,0.960601918930082,0.32317529849958704,True,188,True,True
2021-09-02 12:00:00,0.12074257549337059,0.32317529849958704,False,130,False,False
2021-09-02 13:00:00,0.980851401973289,0.32317529849958704,True,183,True,True
2021-09-02 14:00:00,0.9796319860450305,0.32317529849958704,True,195,True,True
2021-09-02 15:00:00,0.984049087558573,0.32317529849958704,True,177,True,True
2021-09-02 16:00:00,0.52547507078664,0.32317529849958704,True,181,True,False
2021-09-02 17:00:00,0.4622891267311054,0.32317529849958704,True,153,True,False
2021-09-02 18:00:00,0.1598585113135808,0.32317529849958704,False,167,False,False
2021-09-02 19:00:00,0.05481186071041991,0.32317529849958704,False,173,False,False
2021-09-02 20:00:00,0.002456372589725241,0.32317529849958704,False,143,False,False
2021-09-02 21:00:00,0.0020859529813520277,0.32317529849958704,False,138,False,False
2021-09-02 22:00:00,0.0020912366089212305,0.32317529849958704,False,129,False,False
2021-09-02 23:00:00,0.01991034918032005,0.32317529849958704,False,129,False,False
2021-09-03 00:00:00,0.0025532416192699317,0.32317529849958704,False,71,False,False
2021-09-03 01:00:00,0.003335282171550954,0.32317529849958704,False,119,False,False
2021-09-03 02:00:00,0.0020877799209347153,0.32317529849958704,False,117,False,False
2021-09-03 03:00:00,0.0024971184093283685,0.32317529849958704,False,114,False,False
2021-09-03 04:00:00,0.002262898531307656,0.32317529849958704,False,113,False,False
2021-09-03 05:00:00,0.002181438623126237,0.32317529849958704,False,111,False,False
2021-09-03 06:00:00,0.0020615309566195056,0.32317529849958704,False,114,False,False
2021-09-03 07:00:00,0.01796383339487729,0.32317529849958704,False,147,False,False
2021-09-03 08:00:00,0.902251833274464,0.32317529849958704,True,179,True,True
2021-09-03 09:00:00,0.9417421801951402,0.32317529849958704,True,178,True,True
2021-09-03 10:00:00,0.9544909323749269,0.32317529849958704,True,169,True,True
2021-09-03 11:00:00,0.8764844502637544,0.32317529849958704,True,190,True,True
2021-09-03 12:00:00,0.1574569323165183,0.32317529849958704,False,122,True,False
2021-09-03 13:00:00,0.9365436180107091,0.32317529849958704,True,176,True,True
2021-09-03 14:00:00,0.9501711354279166,0.32317529849958704,True,181,True,True
2021-09-03 15:00:00,0.7200625300974111,0.32317529849958704,True,162,True,True
2021-09-03 16:00:00,0.2540268360994241,0.32317529849958704,False,165,True,False
2021-09-03 17:00:00,0.010749515653322031,0.32317529849958704,False,170,False,False
2021-09-03 18:00:00,0.013198577146075387,0.32317529849958704,False,158,False,False
2021-09-03 19:00:00,0.004179356075657227,0.32317529849958704,False,156,False,False
2021-09-03 20:00:00,0.00168039539812032,0.32317529849958704,False,118,False,False
2021-09-03 21:00:00,0.0018019016403259135,0.32317529849958704,False,113,False,False
2021-09-03 22:00:00,0.0015495419454920265,0.32317529849958704,False,119,False,False
2021-09-03 23:00:00,0.0022430358733485953,0.32317529849958704,False,112,False,False
2021-09-04 00:00:00,0.0016349574288786377,0.32317529849958704,False,69,False,False
2021-09-04 01:00:00,0.0024243775368010547,0.32317529849958704,False,114,False,False
2021-09-04 02:00:00,0.0019469887648372987,0.32317529849958704,False,107,False,False
2021-09-04 03:00:00,0.0018965029547074691,0.32317529849958704,False,103,False,False
2021-09-04 04:00:00,0.0018491981794040973,0.32317529849958704,False,112,False,False
2021-09-04 05:00:00,0.002011108555227013,0.32317529849958704,False,105,False,False
2021-09-04 06:00:00,0.003019055003257446,0.32317529849958704,False,116,False,False
2021-09-04 07:00:00,0.004742351193141126,0.32317529849958704,False,97,False,False
2021-09-04 08:00:00,0.12166326895331284,0.32317529849958704,False,37,False,False
2021-09-04 09:00:00,0.0288237157676019,0.32317529849958704,False,32,False,False
2021-09-04 10:00:00,0.007513871206971242,0.32317529849958704,False,36,False,False
2021-09-04 11:00:00,0.024940390933928205,0.32317529849958704,False,32,False,False
2021-09-04 12:00:00,0.0024063515597248777,0.32317529849958704,False,34,False,False
2021-09-04 13:00:00,0.006225572903534504,0.32317529849958704,False,37,False,False
2021-09-04 14:00:00,0.011712594242443045,0.32317529849958704,False,35,False,False
2021-09-04 15:00:00,0.0016262020703882774,0.32317529849958704,False,33,False,False
2021-09-04 16:00:00,0.0022512778119507817,0.32317529849958704,False,43,False,False
2021-09-04 17:00:00,0.0057255640908708515,0.32317529849958704,False,40,False,False
2021-09-04 18:00:00,0.0030417578638429216,0.32317529849958704,False,29,False,False
2021-09-04 19:00:00,0.0018550403890343727,0.32317529849958704,False,25,False,False
2021-09-04 20:00:00,0.001711283017116467,0.32317529849958704,False,27,False,False
2021-09-04 21:00:00,0.0015841084926160078,0.32317529849958704,False,23,False,False
2021-09-04 22:00:00,0.001691960035114931,0.32317529849958704,False,23,False,False
2021-09-04 23:00:00,0.0017421292926511458,0.32317529849958704,False,23,False,False
2021-09-05 00:00:00,0.00174408199729096,0.32317529849958704,False,26,False,False
2021-09-05 01:00:00,0.0017057768071528038,0.32317529849958704,False,22,False,False
2021-09-05 02:00:00,0.0017620861320973094,0.32317529849958704,False,22,False,False
2021-09-05 03:00:00,0.0017788930083680052,0.32317529849958704,False,22,False,False
2021-09-05 04:00:00,0.0018611085712741946,0.32317529849958704,False,27,False,False
2021-09-05 05:00:00,0.0016325268093445276,0.32317529849958704,False,22,False,False
2021-09-05 06:00:00,0.0018221314292147734,0.32317529849958704,False,22,False,False
2021-09-05 07:00:00,0.0033311175694002992,0.32317529849958704,False,22,False,False
2021-09-05 08:00:00,0.004146913585704831,0.32317529849958704,False,27,False,False
2021-09-05 09:00:00,0.006203324872660307,0.32317529849958704,False,23,False,False
2021-09-05 10:00:00,0.003923201451292142,0.32317529849958704,False,22,False,False
2021-09-05 11:00:00,0.00811612390251662,0.32317529849958704,False,22,False,False
2021-09-05 12:00:00,0.0040471459185341995,0.32317529849958704,False,26,False,False
2021-09-05 13:00:00,0.002871866836683175,0.32317529849958704,False,23,False,False
2021-09-05 14:00:00,0.0037043628203388993,0.32317529849958704,False,23,False,False
2021-09-05 15:00:00,0.002425808557897347,0.32317529849958704,False,28,False,False
2021-09-05 16:00:00,0.0027765516804559246,0.32317529849958704,False,25,False,False
2021-09-05 17:00:00,0.0024190151286842395,0.32317529849958704,False,23,False,False
2021-09-05 18:00:00,0.0024219905126334775,0.32317529849958704,False,22,False,False
2021-09-05 19:00:00,0.0024336592375586766,0.32317529849958704,False,27,False,False
2021-09-05 20:00:00,0.0021871822567035206,0.32317529849958704,False,23,False,False
2021-09-05 21:00:00,0.0021399420939990027,0.32317529849958704,False,23,False,False
2021-09-05 22:00:00,0.0023914176436735032,0.32317529849958704,False,27,False,False
2021-09-05 23:00:00,0.0025549464512025985,0.32317529849958704,False,24,False,False
2021-09-06 00:00:00,0.0022157385219527207,0.32317529849958704,False,22,False,False
2021-09-06 01:00:00,0.00225878842622714,0.32317529849958704,False,22,False,False
2021-09-06 02:00:00,0.0027534127394043136,0.32317529849958704,False,27,False,False
2021-09-06 03:00:00,0.002568004253246387,0.32317529849958704,False,22,False,False
2021-09-06 04:00:00,0.002708482409705103,0.32317529849958704,False,22,False,False
2021-09-06 05:00:00,0.002742926821499652,0.32317529849958704,False,24,False,False
2021-09-06 06:00:00,0.002884326244916616,0.32317529849958704,False,26,False,False
2021-09-06 07:00:00,0.004185814256230037,0.32317529849958704,False,81,False,False
2021-09-06 08:00:00,0.9373999826016005,0.32317529849958704,True,180,True,True
2021-09-06 09:00:00,0.4464875901674119,0.32317529849958704,True,165,True,False
2021-09-06 10:00:00,0.8266024913338718,0.32317529849958704,True,190,True,True
2021-09-06 11:00:00,0.9569345027094802,0.32317529849958704,True,180,True,True
2021-09-06 12:00:00,0.10740049897582857,0.32317529849958704,False,124,False,False
2021-09-06 13:00:00,0.7772087840012454,0.32317529849958704,True,164,True,True
2021-09-06 14:00:00,0.284437763022494,0.32317529849958704,False,163,True,False
2021-09-06 15:00:00,0.19731765864080258,0.32317529849958704,False,171,True,False
2021-09-06 16:00:00,0.06144403006710887,0.32317529849958704,False,152,False,False
2021-09-06 17:00:00,0.009187167665102752,0.32317529849958704,False,148,False,False
2021-09-06 18:00:00,0.06650827343447722,0.32317529849958704,False,154,False,False
2021-09-06 19:00:00,0.003032432428866956,0.32317529849958704,False,145,False,False
2021-09-06 20:00:00,0.0018154029925982313,0.32317529849958704,False,128,False,False
2021-09-06 21:00:00,0.0015006165063251688,0.32317529849958704,False,133,False,False
2021-09-06 22:00:00,0.0016363427651755113,0.32317529849958704,False,114,False,False
2021-09-06 23:00:00,0.0013522556300395205,0.32317529849958704,False,118,False,False
2021-09-07 00:00:00,0.0018352888089123575,0.32317529849958704,False,74,False,False
2021-09-07 01:00:00,0.001489200492120743,0.32317529849958704,False,121,False,False
2021-09-07 02:00:00,0.002465437410733639,0.32317529849958704,False,118,False,False
2021-09-07 03:00:00,0.002161573401397314,0.32317529849958704,False,123,False,False
2021-09-07 04:00:00,0.0019805179657205246,0.32317529849958704,False,120,False,False
2021-09-07 05:00:00,0.001998451801572562,0.32317529849958704,False,116,False,False
2021-09-07 06:00:00,0.004732143460733959,0.32317529849958704,False,124,False,False
2021-09-07 07:00:00,0.0033103739262402994,0.32317529849958704,False,160,False,False
2021-09-07 08:00:00,0.35399289461677763,0.32317529849958704,True,192,True,False
2021-09-07 09:00:00,0.9793975971870184,0.32317529849958704,True,174,True,True
2021-09-07 10:00:00,0.3555944717598367,0.32317529849958704,True,178,True,False
2021-09-07 11:00:00,0.7280101927173126,0.32317529849958704,True,183,True,True
2021-09-07 12:00:00,0.01625413840165018,0.32317529849958704,False,140,False,False
2021-09-07 13:00:00,0.8858126157141932,0.32317529849958704,True,189,True,True
2021-09-07 14:00:00,0.9285382162176046,0.32317529849958704,True,191,True,True
2021-09-07 15:00:00,0.9380020143472079,0.32317529849958704,True,174,True,True
2021-09-07 16:00:00,0.33477262510178096,0.32317529849958704,True,167,True,False
2021-09-07 17:00:00,0.006031680472571807,0.32317529849958704,False,161,False,False
2021-09-07 18:00:00,0.03679326514853229,0.32317529849958704,False,165,False,False
2021-09-07 19:00:00,0.0020051298008555347,0.32317529849958704,False,158,False,False
2021-09-07 20:00:00,0.0017615171393255656,0.32317529849958704,False,141,False,False
2021-09-07 21:00:00,0.001228440418728553,0.32317529849958704,False,134,False,False
2021-09-07 22:00:00,0.001530477541370042,0.32317529849958704,False,122,False,False
2021-09-07 23:00:00,0.0014839081038061984,0.32317529849958704,False,126,False,False
2021-09-08 00:00:00,0.00212536563904158,0.32317529849958704,False,78,False,False
2021-09-08 01:00:00,0.0025219946732191736,0.32317529849958704,False,115,False,False
2021-09-08 02:00:00,0.0017502925870227105,0.32317529849958704,False,126,False,False
2021-09-08 03:00:00,0.0025065762878562804,0.32317529849958704,False,122,False,False
2021-09-08 04:00:00,0.0019125100437351848,0.32317529849958704,False,116,False,False
2021-09-08 05:00:00,0.002228928773614632,0.32317529849958704,False,109,False,False
2021-09-08 06:00:00,0.002039111836487303,0.32317529849958704,False,123,False,False
2021-09-08 07:00:00,0.006902592545326436,0.32317529849958704,False,154,False,False
2021-09-08 08:00:00,0.9005300317437108,0.32317529849958704,True,181,True,True
2021-09-08 09:00:00,0.901290161622029,0.32317529849958704,True,163,True,True
2021-09-08 10:00:00,0.7919479604423819,0.32317529849958704,True,160,True,True
2021-09-08 11:00:00,0.7049081038038112,0.32317529849958704,True,168,True,True
2021-09-08 12:00:00,0.012495896692739608,0.32317529849958704,False,63,False,False
2021-09-08 13:00:00,0.9377697687182394,0.32317529849958704,True,165,True,True
2021-09-08 14:00:00,0.7217839547436731,0.32317529849958704,True,178,True,True
2021-09-08 15:00:00,0.18010679101780824,0.32317529849958704,False,183,True,False
2021-09-08 16:00:00,0.1312111397470761,0.32317529849958704,False,170,False,False
2021-09-08 17:00:00,0.014016760986059064,0.32317529849958704,False,182,False,False
2021-09-08 18:00:00,0.17612827901275602,0.32317529849958704,False,170,False,False
2021-09-08 19:00:00,0.02251859816655117,0.32317529849958704,False,163,False,False
2021-09-08 20:00:00,0.0016815828917863592,0.32317529849958704,False,111,False,False
2021-09-08 21:00:00,0.001799350243844879,0.32317529849958704,False,127,False,False
2021-09-08 22:00:00,0.0016507407854028798,0.32317529849958704,False,116,False,False
2021-09-08 23:00:00,0.001401054419178662,0.32317529849958704,False,111,False,False
2021-09-09 00:00:00,0.0014007931032654426,0.32317529849958704,False,79,False,False
2021-09-09 01:00:00,0.001532511981045837,0.32317529849958704,False,99,False,False
2021-09-09 02:00:00,0.0016057388416239396,0.32317529849958704,False,114,False,False
2021-09-09 03:00:00,0.001624100549630263,0.32317529849958704,False,116,False,False
2021-09-09 04:00:00,0.0021490553457077723,0.32317529849958704,False,114,False,False
2021-09-09 05:00:00,0.0019420399162461796,0.32317529849958704,False,109,False,False
2021-09-09 06:00:00,0.0026706427146663365,0.32317529849958704,False,121,False,False
2021-09-09 07:00:00,0.005422544005016031,0.32317529849958704,False,152,False,False
2021-09-09 08:00:00,0.49300313254123784,0.32317529849958704,True,187,True,False
2021-09-09 09:00:00,0.9049627938271568,0.32317529849958704,True,176,True,True
2021-09-09 10:00:00,0.6582191542745084,0.32317529849958704,True,169,True,True
2021-09-09 11:00:00,0.6004640008441693,0.32317529849958704,True,190,True,True
2021-09-09 12:00:00,0.022978945419945784,0.32317529849958704,False,129,False,False
2021-09-09 13:00:00,0.8997992458837327,0.32317529849958704,True,176,True,True
2021-09-09 14:00:00,0.538911391588814,0.32317529849958704,True,168,True,True
2021-09-09 15:00:00,0.18213915555382082,0.32317529849958704,False,185,True,False
2021-09-09 16:00:00,0.10784046231233979,0.32317529849958704,False,168,False,False
2021-09-09 17:00:00,0.0974650680353004,0.32317529849958704,False,168,False,False
2021-09-09 18:00:00,0.03281585255726401,0.32317529849958704,False,172,False,False
2021-09-09 19:00:00,0.02414357305581702,0.32317529849958704,False,158,False,False
2021-09-09 20:00:00,0.0019110394450137817,0.32317529849958704,False,134,False,False
2021-09-09 21:00:00,0.0015590804619832169,0.32317529849958704,False,134,False,False
2021-09-09 22:00:00,0.001652781045533254,0.32317529849958704,False,118,False,False
2021-09-09 23:00:00,0.0014104471454701728,0.32317529849958704,False,116,False,False
2021-09-10 00:00:00,0.0019332544174908086,0.32317529849958704,False,83,False,False
2021-09-10 01:00:00,0.002071642658533133,0.32317529849958704,False,109,False,False
2021-09-10 02:00:00,0.0016846831684827653,0.32317529849958704,False,118,False,False
2021-09-10 03:00:00,0.0016298397426597186,0.32317529849958704,False,116,False,False
2021-09-10 04:00:00,0.0019316468646255812,0.32317529849958704,False,117,False,False
2021-09-10 05:00:00,0.0015535309241200231,0.32317529849958704,False,107,False,False
2021-09-10 06:00:00,0.002016388160412969,0.32317529849958704,False,118,False,False
2021-09-10 07:00:00,0.005235283377115932,0.32317529849958704,False,150,False,False
2021-09-10 08:00:00,0.7096762379926639,0.32317529849958704,True,192,True,True
2021-09-10 09:00:00,0.9770713490338978,0.32317529849958704,True,204,True,True
2021-09-10 10:00:00,0.9888942860848928,0.32317529849958704,True,181,True,True
2021-09-10 11:00:00,0.9722478821967886,0.32317529849958704,True,188,True,True
2021-09-10 12:00:00,0.09034068201032774,0.32317529849958704,False,128,False,False
2021-09-10 13:00:00,0.9785632849580728,0.32317529849958704,True,191,True,True
2021-09-10 14:00:00,0.9829989090569577,0.32317529849958704,True,190,True,True
2021-09-10 15:00:00,0.9604614111733247,0.32317529849958704,True,191,True,True
2021-09-10 16:00:00,0.7390328682394534,0.32317529849958704,True,171,True,True
2021-09-10 17:00:00,0.024848207875624216,0.32317529849958704,False,157,False,False
2021-09-10 18:00:00,0.10594416359799116,0.32317529849958704,False,162,False,False
2021-09-10 19:00:00,0.002507093937123704,0.32317529849958704,False,148,False,False
2021-09-10 20:00:00,0.00177338478191445,0.32317529849958704,False,121,False,False
2021-09-10 21:00:00,0.0017948169405536578,0.32317529849958704,False,126,False,False
2021-09-10 22:00:00,0.0017161019989408864,0.32317529849958704,False,109,False,False
2021-09-10 23:00:00,0.0016322249290307215,0.32317529849958704,False,105,False,False
2021-09-11 00:00:00,0.0019498381837417585,0.32317529849958704,False,69,False,False
2021-09-11 01:00:00,0.001644062775434026,0.32317529849958704,False,105,False,False
2021-09-11 02:00:00,0.0030872443443774296,0.32317529849958704,False,99,False,False
2021-09-11 03:00:00,0.00191637238842366,0.32317529849958704,False,107,False,False
2021-09-11 04:00:00,0.001667622054388817,0.32317529849958704,False,93,False,False
2021-09-11 05:00:00,0.001679418116813536,0.32317529849958704,False,98,False,False
2021-09-11 06:00:00,0.0018744722841295069,0.32317529849958704,False,97,False,False
2021-09-11 07:00:00,0.0038929543536415047,0.32317529849958704,False,73,False,False
2021-09-11 08:00:00,0.09084682455702185,0.32317529849958704,False,23,False,False
2021-09-11 09:00:00,0.01070726186080815,0.32317529849958704,False,23,False,False
2021-09-11 10:00:00,0.004871090692768346,0.32317529849958704,False,23,False,False
2021-09-11 11:00:00,0.008430754113581755,0.32317529849958704,False,23,False,False
2021-09-11 12:00:00,0.0020425127305779703,0.32317529849958704,False,28,False,False
2021-09-11 13:00:00,0.008937680116188416,0.32317529849958704,False,25,False,False
2021-09-11 14:00:00,0.006846720489098887,0.32317529849958704,False,24,False,False
2021-09-11 15:00:00,0.0068585187005560586,0.32317529849958704,False,24,False,False
2021-09-11 16:00:00,0.002609440222353047,0.32317529849958704,False,24,False,False
2021-09-11 17:00:00,0.0016615987245915905,0.32317529849958704,False,24,False,False
2021-09-11 18:00:00,0.0016469910654675376,0.32317529849958704,False,24,False,False
2021-09-11 19:00:00,0.0014889714702867583,0.32317529849958704,False,28,False,False
2021-09-11 20:00:00,0.0014511442023238384,0.32317529849958704,False,24,False,False
2021-09-11 21:00:00,0.001407143380523892,0.32317529849958704,False,24,False,False
2021-09-11 22:00:00,0.0014360683535568001,0.32317529849958704,False,24,False,False
2021-09-11 23:00:00,0.0014335848711101238,0.32317529849958704,False,23,False,False
2021-09-12 00:00:00,0.0016501896601235932,0.32317529849958704,False,23,False,False
2021-09-12 01:00:00,0.0016501896601235932,0.32317529849958704,False,24,False,False
2021-09-12 02:00:00,0.001682316061102124,0.32317529849958704,False,27,False,False
2021-09-12 03:00:00,0.0017804428970087148,0.32317529849958704,False,23,False,False
2021-09-12 04:00:00,0.0016496561637413404,0.32317529849958704,False,23,False,False
2021-09-12 05:00:00,0.0017890563171355403,0.32317529849958704,False,23,False,False
2021-09-12 06:00:00,0.0017890563171355403,0.32317529849958704,False,23,False,False
2021-09-12 07:00:00,0.0021571805518212717,0.32317529849958704,False,23,False,False
2021-09-12 08:00:00,0.005920351574955801,0.32317529849958704,False,28,False,False
2021-09-12 09:00:00,0.008749005683489021,0.32317529849958704,False,24,False,False
2021-09-12 10:00:00,0.0022779288223436457,0.32317529849958704,False,24,False,False
2021-09-12 11:00:00,0.005186624363742714,0.32317529849958704,False,23,False,False
2021-09-12 12:00:00,0.0024097764279836856,0.32317529849958704,False,23,False,False
2021-09-12 13:00:00,0.00549879790166005,0.32317529849958704,False,23,False,False
2021-09-12 14:00:00,0.003761575286477131,0.32317529849958704,False,28,False,False
2021-09-12 15:00:00,0.0037766781645222746,0.32317529849958704,False,24,False,False
2021-09-12 16:00:00,0.0024616575044500554,0.32317529849958704,False,24,False,False
2021-09-12 17:00:00,0.0025643205175767017,0.32317529849958704,False,23,False,False
2021-09-12 18:00:00,0.002431831375897282,0.32317529849958704,False,24,False,False
2021-09-12 19:00:00,0.002199071553492596,0.32317529849958704,False,24,False,False
2021-09-12 20:00:00,0.0021820637805398894,0.32317529849958704,False,24,False,False
2021-09-12 21:00:00,0.0021820637805398894,0.32317529849958704,False,28,False,False
2021-09-12 22:00:00,0.0023684364980963712,0.32317529849958704,False,24,False,False
2021-09-12 23:00:00,0.002379493657238939,0.32317529849958704,False,24,False,False
2021-09-13 00:00:00,0.0024460623750090925,0.32317529849958704,False,23,False,False
2021-09-13 01:00:00,0.002461797834631251,0.32317529849958704,False,23,False,False
2021-09-13 02:00:00,0.0024993115340413716,0.32317529849958704,False,23,False,False
2021-09-13 03:00:00,0.0026931126810232917,0.32317529849958704,False,25,False,False
2021-09-13 04:00:00,0.0028343857808382413,0.32317529849958704,False,28,False,False
2021-09-13 05:00:00,0.0027387135317895024,0.32317529849958704,False,23,False,False
2021-09-13 06:00:00,0.0026980390093774777,0.32317529849958704,False,24,False,False
2021-09-13 07:00:00,0.0038486264532878543,0.32317529849958704,False,111,False,False
2021-09-13 08:00:00,0.982024603961159,0.32317529849958704,True,196,True,True
2021-09-13 09:00:00,0.9876892696136089,0.32317529849958704,True,188,True,True
2021-09-13 10:00:00,0.9682332771060169,0.32317529849958704,True,189,True,True
2021-09-13 11:00:00,0.9846542844759796,0.32317529849958704,True,191,True,True
2021-09-13 12:00:00,0.36098992908073635,0.32317529849958704,True,130,True,False
2021-09-13 13:00:00,0.9559867288825724,0.32317529849958704,True,191,True,True
2021-09-13 14:00:00,0.9819551594662639,0.32317529849958704,True,182,True,True
2021-09-13 15:00:00,0.9053819845579036,0.32317529849958704,True,177,True,True
2021-09-13 16:00:00,0.22992387076364676,0.32317529849958704,False,182,False,False
2021-09-13 17:00:00,0.07664185241042051,0.32317529849958704,False,160,True,False
2021-09-13 18:00:00,0.40365345854396084,0.32317529849958704,True,162,True,False
2021-09-13 19:00:00,0.00291399758858736,0.32317529849958704,False,162,False,False
2021-09-13 20:00:00,0.001790161687896941,0.32317529849958704,False,126,False,False
2021-09-13 21:00:00,0.0015485206882503149,0.32317529849958704,False,131,False,False
2021-09-13 22:00:00,0.001431730466531636,0.32317529849958704,False,122,False,False
2021-09-13 23:00:00,0.0013296841925137899,0.32317529849958704,False,123,False,False
2021-09-14 00:00:00,0.0018284110422338586,0.32317529849958704,False,72,False,False
2021-09-14 01:00:00,0.002506306941988554,0.32317529849958704,False,116,False,False
2021-09-14 02:00:00,0.0018283490111471886,0.32317529849958704,False,115,False,False
2021-09-14 03:00:00,0.002446109597089469,0.32317529849958704,False,114,False,False
2021-09-14 04:00:00,0.002054411742903732,0.32317529849958704,False,115,False,False
2021-09-14 05:00:00,0.001637394814976373,0.32317529849958704,False,115,False,False
2021-09-14 06:00:00,0.004788805407104685,0.32317529849958704,False,112,False,False
2021-09-14 07:00:00,0.0216504811540968,0.32317529849958704,False,156,False,False
2021-09-14 08:00:00,0.9203401377640823,0.32317529849958704,True,184,True,True
2021-09-14 09:00:00,0.900457093653338,0.32317529849958704,True,178,True,True
2021-09-14 10:00:00,0.9284802894308629,0.32317529849958704,True,161,True,True
2021-09-14 11:00:00,0.8056365021622205,0.32317529849958704,True,180,True,True
2021-09-14 12:00:00,0.02888450473811974,0.32317529849958704,False,135,False,False
2021-09-14 13:00:00,0.9733786495806407,0.32317529849958704,True,173,True,True
2021-09-14 14:00:00,0.5480547312433071,0.32317529849958704,True,162,True,True
2021-09-14 15:00:00,0.06700645027893008,0.32317529849958704,False,175,False,False
2021-09-14 16:00:00,0.025404181335309486,0.32317529849958704,False,165,False,False
2021-09-14 17:00:00,0.003841884815569377,0.32317529849958704,False,146,False,False
2021-09-14 18:00:00,0.025049845669491696,0.32317529849958704,False,164,False,False
2021-09-14 19:00:00,0.010130085800171877,0.32317529849958704,False,171,False,False
2021-09-14 20:00:00,0.001573614551012053,0.32317529849958704,False,130,False,False
2021-09-14 21:00:00,0.0016565933848414626,0.32317529849958704,False,134,False,False
2021-09-14 22:00:00,0.0015114616982930657,0.32317529849958704,False,120,False,False
2021-09-14 23:00:00,0.0012857283330348509,0.32317529849958704,False,119,False,False
