timestamp,horizon,predicted_mean,predicted_quarter_max,peak_alert,last_observed_hour,model_train_end
2021-09-15 00:00:00,1,72.0,78.0,False,2021-09-14 23:00:00,2021-09-14 23:00:00
2021-09-15 01:00:00,2,110.0,115.0,False,2021-09-14 23:00:00,2021-09-14 23:00:00
2021-09-15 02:00:00,3,118.0,126.0,False,2021-09-14 23:00:00,2021-09-14 23:00:00
2021-09-15 03:00:00,4,112.0,122.0,False,2021-09-14 23:00:00,2021-09-14 23:00:00
2021-09-15 04:00:00,5,113.0,116.0,False,2021-09-14 23:00:00,2021-09-14 23:00:00
2021-09-15 05:00:00,6,97.0,109.0,False,2021-09-14 23:00:00,2021-09-14 23:00:00
2021-09-15 06:00:00,7,118.0,123.0,False,2021-09-14 23:00:00,2021-09-14 23:00:00
2021-09-15 07:00:00,8,135.0,154.0,False,2021-09-14 23:00:00,2021-09-14 23:00:00
2021-09-15 08:00:00,9,171.0,181.0,True,2021-09-14 23:00:00,2021-09-14 23:00:00
2021-09-15 09:00:00,10,160.0,163.0,False,2021-09-14 23:00:00,2021-09-14 23:00:00
2021-09-15 10:00:00,11,152.0,160.0,False,2021-09-14 23:00:00,2021-09-14 23:00:00
2021-09-15 11:00:00,12,156.0,168.0,True,2021-09-14 23:00:00,2021-09-14 23:00:00
2021-09-15 12:00:00,13,25.0,63.0,False,2021-09-14 23:00:00,2021-09-14 23:00:00
2021-09-15 13:00:00,14,152.0,165.0,True,2021-09-14 23:00:00,2021-09-14 23:00:00
2021-09-15 14:00:00,15,165.0,178.0,True,2021-09-14 23:00:00,2021-09-14 23:00:00
2021-09-15 15:00:00,16,165.0,183.0,True,2021-09-14 23:00:00,2021-09-14 23:00:00
2021-09-15 16:00:00,17,166.0,170.0,True,2021-09-14 23:00:00,2021-09-14 23:00:00
2021-09-15 17:00:00,18,144.0,182.0,True,2021-09-14 23:00:00,2021-09-14 23:00:00
2021-09-15 18:00:00,19,164.0,170.0,True,2021-09-14 23:00:00,2021-09-14 23:00:00
2021-09-15 19:00:00,20,150.0,163.0,False,2021-09-14 23:00:00,2021-09-14 23:00:00
2021-09-15 20:00:00,21,103.0,111.0,False,2021-09-14 23:00:00,2021-09-14 23:00:00
2021-09-15 21:00:00,22,122.0,127.0,False,2021-09-14 23:00:00,2021-09-14 23:00:00
2021-09-15 22:00:00,23,106.0,116.0,False,2021-09-14 23:00:00,2021-09-14 23:00:00
2021-09-15 23:00:00,24,101.0,111.0,False,2021-09-14 23:00:00,2021-09-14 23:00:00
