timestamp,actual,risk_score,alert
2021-08-01 00:00:00,21,0.001629335436776826,False
2021-08-01 01:00:00,26,0.001844253939431041,False
2021-08-01 02:00:00,21,0.0019925481854382644,False
2021-08-01 03:00:00,21,0.0018808310756610433,False
2021-08-01 04:00:00,25,0.0018808310756610433,False
2021-08-01 05:00:00,24,0.0021220416356939366,False
2021-08-01 06:00:00,21,0.0020008614969525126,False
2021-08-01 07:00:00,21,0.002623645287117768,False
2021-08-01 08:00:00,28,0.009874128225476463,False
2021-08-01 09:00:00,24,0.009858458990567809,False
2021-08-01 10:00:00,21,0.008716041269015281,False
2021-08-01 11:00:00,21,0.00860461613791762,False
2021-08-01 12:00:00,25,0.0028755754908093996,False
2021-08-01 13:00:00,21,0.008862211252067504,False
2021-08-01 14:00:00,21,0.008202710698874995,False
2021-08-01 15:00:00,23,0.0031220260539705736,False
2021-08-01 16:00:00,25,0.0044094013991381725,False
2021-08-01 17:00:00,21,0.0026021688716426246,False
2021-08-01 18:00:00,21,0.009501157070662342,False
2021-08-01 19:00:00,22,0.002433694941663686,False
2021-08-01 20:00:00,26,0.0027330229623940445,False
2021-08-01 21:00:00,22,0.002775330222776764,False
2021-08-01 22:00:00,23,0.0025981114458813203,False
2021-08-01 23:00:00,24,0.0025981114458813203,False
2021-08-02 00:00:00,23,0.0026658079486028526,False
2021-08-02 01:00:00,21,0.0028067827682712733,False
2021-08-02 02:00:00,21,0.0028715768469647664,False
2021-08-02 03:00:00,26,0.0028715768469647664,False
2021-08-02 04:00:00,21,0.002579439441572123,False
2021-08-02 05:00:00,21,0.002924673647464256,False
2021-08-02 06:00:00,25,0.002924673647464256,False
2021-08-02 07:00:00,24,0.023004701700493888,False
2021-08-02 08:00:00,21,0.8907322325516815,True
2021-08-02 09:00:00,21,0.8716346549680605,True
2021-08-02 10:00:00,25,0.8690434450070463,True
2021-08-02 11:00:00,21,0.35165866260847123,False
2021-08-02 12:00:00,21,0.006074320298606273,False
2021-08-02 13:00:00,23,0.8232956508639278,True
2021-08-02 14:00:00,25,0.15329582129377128,False
2021-08-02 15:00:00,21,0.06957595354840454,False
2021-08-02 16:00:00,21,0.07865498792325899,False
2021-08-02 17:00:00,24,0.02422325343431956,False
2021-08-02 18:00:00,26,0.07436143248828109,False
2021-08-02 19:00:00,21,0.015460717145258035,False
2021-08-02 20:00:00,24,0.002786569088056841,False
2021-08-02 21:00:00,24,0.002480633580025946,False
2021-08-02 22:00:00,24,0.002746083363382587,False
2021-08-02 23:00:00,21,0.002746083363382587,False
2021-08-03 00:00:00,22,0.002828318114977609,False
2021-08-03 01:00:00,26,0.0026658079486028526,False
2021-08-03 02:00:00,21,0.002697029948266053,False
2021-08-03 03:00:00,22,0.0028648901557175852,False
2021-08-03 04:00:00,21,0.002749409411140601,False
2021-08-03 05:00:00,24,0.0027708164869963137,False
2021-08-03 06:00:00,21,0.002669085059937906,False
2021-08-03 07:00:00,21,0.03833867479191773,False
2021-08-03 08:00:00,25,0.8810153853453666,True
2021-08-03 09:00:00,21,0.8751955876774584,True
2021-08-03 10:00:00,21,0.8687052168650475,True
2021-08-03 11:00:00,24,0.3519882808503104,False
2021-08-03 12:00:00,25,0.02554051906649598,False
2021-08-03 13:00:00,21,0.8426028109159642,True
2021-08-03 14:00:00,22,0.6459397623578436,True
2021-08-03 15:00:00,26,0.5809927578974776,True
2021-08-03 16:00:00,24,0.11281831492145265,False
2021-08-03 17:00:00,21,0.038703978628523344,False
2021-08-03 18:00:00,24,0.06488941566747825,False
2021-08-03 19:00:00,25,0.028635152824523412,False
2021-08-03 20:00:00,22,0.003271416283479394,False
2021-08-03 21:00:00,22,0.0031061631160624876,False
2021-08-03 22:00:00,21,0.002806239289169371,False
2021-08-03 23:00:00,26,0.0026353040247484912,False
2021-08-04 00:00:00,21,0.0026019158122062855,False
2021-08-04 01:00:00,21,0.0027986120784358323,False
2021-08-04 02:00:00,21,0.002856275848705702,False
2021-08-04 03:00:00,25,0.002713858098791375,False
2021-08-04 04:00:00,21,0.003017531132999474,False
2021-08-04 05:00:00,21,0.0029081434424048837,False
2021-08-04 06:00:00,26,0.0028274627954470747,False
2021-08-04 07:00:00,21,0.42626984876386576,False
2021-08-04 08:00:00,23,0.8726820206631709,True
2021-08-04 09:00:00,21,0.880917538602616,True
2021-08-04 10:00:00,25,0.8590201455497091,True
2021-08-04 11:00:00,21,0.36887766684590556,False
2021-08-04 12:00:00,21,0.02609987049796266,False
2021-08-04 13:00:00,25,0.8688391047403414,True
2021-08-04 14:00:00,24,0.18371959655746437,False
2021-08-04 15:00:00,24,0.25533392771284497,False
2021-08-04 16:00:00,22,0.09233844769645311,False
2021-08-04 17:00:00,26,0.03647288316075087,False
2021-08-04 18:00:00,22,0.08678149012611566,False
2021-08-04 19:00:00,21,0.0037919529713537473,False
2021-08-04 20:00:00,21,0.002674220816302345,False
2021-08-04 21:00:00,26,0.0026353040247484912,False
2021-08-04 22:00:00,21,0.0024546993243770537,False
2021-08-04 23:00:00,22,0.002773863791076898,False
2021-08-05 00:00:00,21,0.002828318114977609,False
2021-08-05 01:00:00,25,0.0026658079486028526,False
2021-08-05 02:00:00,21,0.003017531132999474,False
2021-08-05 03:00:00,21,0.0028648901557175852,False
2021-08-05 04:00:00,25,0.0028648901557175852,False
2021-08-05 05:00:00,22,0.002908283568617935,False
2021-08-05 06:00:00,22,0.0029384758193909495,False
2021-08-05 07:00:00,20,0.03799746583924741,False
2021-08-05 08:00:00,24,0.8826903828386304,True
2021-08-05 09:00:00,21,0.7223010305842226,True
2021-08-05 10:00:00,21,0.8687052168650475,True
2021-08-05 11:00:00,25,0.33499438573081,False
2021-08-05 12:00:00,24,0.02595317748441447,False
2021-08-05 13:00:00,24,0.8758687659861208,True
2021-08-05 14:00:00,22,0.18531722791617794,False
2021-08-05 15:00:00,25,0.1197714763803876,False
2021-08-05 16:00:00,22,0.077004066282812,False
2021-08-05 17:00:00,22,0.010268727981758829,False
2021-08-05 18:00:00,21,0.0731137649913895,False
2021-08-05 19:00:00,25,0.028066860029022936,False
2021-08-05 20:00:00,22,0.0029242662914852214,False
2021-08-05 21:00:00,22,0.002627365340581882,False
2021-08-05 22:00:00,23,0.002746083363382587,False
2021-08-05 23:00:00,26,0.002775976902950323,False
2021-08-06 00:00:00,21,0.0029369244768374823,False
2021-08-06 01:00:00,21,0.0027986120784358323,False
2021-08-06 02:00:00,21,0.002856275848705702,False
2021-08-06 03:00:00,25,0.002713858098791375,False
2021-08-06 04:00:00,23,0.003017531132999474,False
2021-08-06 05:00:00,21,0.0029081434424048837,False
2021-08-06 06:00:00,25,0.0028274627954470747,False
2021-08-06 07:00:00,21,0.7075533647682777,True
2021-08-06 08:00:00,21,0.8726820206631709,True
2021-08-06 09:00:00,21,0.8716346549680605,True
2021-08-06 10:00:00,25,0.8690434450070463,True
2021-08-06 11:00:00,25,0.36301825868441173,False
2021-08-06 12:00:00,24,0.0249134363336048,False
2021-08-06 13:00:00,24,0.8662570918831929,True
2021-08-06 14:00:00,27,0.16777775689778773,False
2021-08-06 15:00:00,22,0.2521926761002329,False
2021-08-06 16:00:00,22,0.09038420817184661,False
2021-08-06 17:00:00,25,0.03647288316075087,False
2021-08-06 18:00:00,22,0.08981065307385383,False
2021-08-06 19:00:00,21,0.0037919529713537473,False
2021-08-06 20:00:00,21,0.002786569088056841,False
2021-08-06 21:00:00,26,0.0026353040247484912,False
2021-08-06 22:00:00,21,0.002892807128535171,False
2021-08-06 23:00:00,21,0.002773863791076898,False
2021-08-07 00:00:00,24,0.002828318114977609,False
2021-08-07 01:00:00,25,0.0028046193262906685,False
2021-08-07 02:00:00,21,0.0028715768469647664,False
2021-08-07 03:00:00,21,0.0028715768469647664,False
2021-08-07 04:00:00,21,0.002788468600783736,False
2021-08-07 05:00:00,24,0.002924673647464256,False
2021-08-07 06:00:00,21,0.003075430490535128,False
2021-08-07 07:00:00,21,0.004851452349266063,False
2021-08-07 08:00:00,25,0.00531796377937239,False
2021-08-07 09:00:00,24,0.006551859525166119,False
2021-08-07 10:00:00,21,0.005372783522582927,False
2021-08-07 11:00:00,21,0.005370485538539292,False
2021-08-07 12:00:00,26,0.005133431954187741,False
2021-08-07 13:00:00,21,0.005066469802940893,False
2021-08-07 14:00:00,21,0.005218763015715731,False
2021-08-07 15:00:00,22,0.004388998125802009,False
2021-08-07 16:00:00,25,0.004440204251404784,False
2021-08-07 17:00:00,21,0.0037714113673760867,False
2021-08-07 18:00:00,21,0.0038831464277771753,False
2021-08-07 19:00:00,24,0.002805602913398618,False
2021-08-07 20:00:00,26,0.0030538130047466096,False
2021-08-07 21:00:00,22,0.00310327476700046,False
2021-08-07 22:00:00,21,0.0027791810740779004,False
2021-08-07 23:00:00,25,0.0027791810740779004,False
2021-08-08 00:00:00,21,0.0031082673286473204,False
2021-08-08 01:00:00,21,0.002950531654876903,False
2021-08-08 02:00:00,21,0.003021123531313696,False
2021-08-08 03:00:00,24,0.0028713097190644033,False
2021-08-08 04:00:00,21,0.0026715265351952657,False
2021-08-08 05:00:00,21,0.003078727611949486,False
2021-08-08 06:00:00,23,0.0029254765224428743,False
2021-08-08 07:00:00,25,0.005134447590063998,False
2021-08-08 08:00:00,21,0.006965034571654216,False
2021-08-08 09:00:00,21,0.005606946364715506,False
2021-08-08 10:00:00,25,0.004846134494146219,False
2021-08-08 11:00:00,21,0.005666625979666865,False
2021-08-08 12:00:00,21,0.004972177645982472,False
2021-08-08 13:00:00,23,0.005133431954187741,False
2021-08-08 14:00:00,25,0.004469012683808988,False
2021-08-08 15:00:00,21,0.005139429647777666,False
2021-08-08 16:00:00,21,0.004608995508618659,False
2021-08-08 17:00:00,25,0.005858035734071742,False
2021-08-08 18:00:00,24,0.004194932154791971,False
2021-08-08 19:00:00,21,0.0029236353896220707,False
2021-08-08 20:00:00,22,0.002896077330976192,False
2021-08-08 21:00:00,26,0.0027791810740779004,False
2021-08-08 22:00:00,22,0.00310327476700046,False
2021-08-08 23:00:00,21,0.002896077330976192,False
2021-08-09 00:00:00,21,0.0028036281053071673,False
2021-08-09 01:00:00,25,0.0028036281053071673,False
2021-08-09 02:00:00,21,0.0028120000361505125,False
2021-08-09 03:00:00,23,0.0028715768469647664,False
2021-08-09 04:00:00,22,0.00302219906547368,False
2021-08-09 05:00:00,25,0.0027777745546907883,False
2021-08-09 06:00:00,20,0.0029680404784434055,False
2021-08-09 07:00:00,112,0.007177807853777602,False
2021-08-09 08:00:00,215,0.596389121183454,True
2021-08-09 09:00:00,197,0.7920632999905641,True
2021-08-09 10:00:00,201,0.6706348910872963,True
2021-08-09 11:00:00,192,0.6180447885336362,True
2021-08-09 12:00:00,144,0.2875662487364929,False
2021-08-09 13:00:00,200,0.13144706405822437,False
2021-08-09 14:00:00,191,0.7318179203746524,True
2021-08-09 15:00:00,183,0.547244203896184,True
2021-08-09 16:00:00,191,0.05418260854784863,False
2021-08-09 17:00:00,169,0.5139628364313338,False
2021-08-09 18:00:00,103,0.02805639065336758,False
2021-08-09 19:00:00,95,0.006895711004712561,False
2021-08-09 20:00:00,113,0.0034783298367490707,False
2021-08-09 21:00:00,119,0.003798067245386185,False
2021-08-09 22:00:00,112,0.0026782759575920915,False
2021-08-09 23:00:00,108,0.0017888567277506507,False
2021-08-10 00:00:00,71,0.0023476199626440647,False
2021-08-10 01:00:00,104,0.0019833201498057913,False
2021-08-10 02:00:00,97,0.001868597115894889,False
2021-08-10 03:00:00,104,0.002085064849206363,False
2021-08-10 04:00:00,103,0.0018072374236449622,False
2021-08-10 05:00:00,99,0.0018436560773873055,False
2021-08-10 06:00:00,105,0.00210265096581859,False
2021-08-10 07:00:00,138,0.009112559736112438,False
2021-08-10 08:00:00,195,0.058184891542264146,False
2021-08-10 09:00:00,193,0.9248720765373952,True
2021-08-10 10:00:00,192,0.8091669328972675,True
2021-08-10 11:00:00,191,0.8860121574726139,True
2021-08-10 12:00:00,119,0.2285307693632539,False
2021-08-10 13:00:00,190,0.2455066473785984,False
2021-08-10 14:00:00,180,0.8218795302415434,True
2021-08-10 15:00:00,181,0.11637856806390245,False
2021-08-10 16:00:00,182,0.4212820465667698,False
2021-08-10 17:00:00,156,0.07286781568622154,False
2021-08-10 18:00:00,168,0.14682114653693612,False
2021-08-10 19:00:00,163,0.0026886235967692592,False
2021-08-10 20:00:00,135,0.0014943111312763985,False
2021-08-10 21:00:00,127,0.0018349623252717792,False
2021-08-10 22:00:00,114,0.0017589757047985024,False
2021-08-10 23:00:00,109,0.0016623210414960505,False
2021-08-11 00:00:00,83,0.0016488601521136243,False
2021-08-11 01:00:00,108,0.0019570323364650408,False
2021-08-11 02:00:00,114,0.002072415804524014,False
2021-08-11 03:00:00,113,0.002019337286201857,False
2021-08-11 04:00:00,116,0.0024960196633604997,False
2021-08-11 05:00:00,105,0.00185279692798304,False
2021-08-11 06:00:00,129,0.003306988827686364,False
2021-08-11 07:00:00,150,0.01132951043246781,False
2021-08-11 08:00:00,218,0.39818340404486086,False
2021-08-11 09:00:00,189,0.938893432794704,True
2021-08-11 10:00:00,192,0.5734784036640572,True
2021-08-11 11:00:00,192,0.9133727424401765,True
2021-08-11 12:00:00,132,0.36434285955005535,False
2021-08-11 13:00:00,205,0.4709143914573881,False
2021-08-11 14:00:00,207,0.8798413824584986,True
2021-08-11 15:00:00,177,0.8064064254074887,True
2021-08-11 16:00:00,187,0.29367695158279883,False
2021-08-11 17:00:00,177,0.14484627257282418,False
2021-08-11 18:00:00,194,0.04179938820908627,False
2021-08-11 19:00:00,163,0.0948478720529425,False
2021-08-11 20:00:00,128,0.005474805992390629,False
2021-08-11 21:00:00,115,0.002988251353435005,False
2021-08-11 22:00:00,116,0.0034046782084715295,False
2021-08-11 23:00:00,109,0.0019087645527086756,False
2021-08-12 00:00:00,81,0.003208771170173544,False
2021-08-12 01:00:00,115,0.0020511608030775353,False
2021-08-12 02:00:00,110,0.002208793302821496,False
2021-08-12 03:00:00,110,0.0022628229069932464,False
2021-08-12 04:00:00,114,0.002531602102556625,False
2021-08-12 05:00:00,103,0.002354889160312329,False
2021-08-12 06:00:00,117,0.0022343572094454082,False
2021-08-12 07:00:00,149,0.007020976835170245,False
2021-08-12 08:00:00,196,0.32317529849958704,False
2021-08-12 09:00:00,189,0.931920625038222,True
2021-08-12 10:00:00,186,0.7906210469661348,True
2021-08-12 11:00:00,199,0.8504882971833638,True
2021-08-12 12:00:00,133,0.31233788838829596,False
2021-08-12 13:00:00,191,0.44998053600261423,False
2021-08-12 14:00:00,193,0.4462587881270005,False
2021-08-12 15:00:00,197,0.4266691299358668,False
2021-08-12 16:00:00,176,0.7189540669398222,True
2021-08-12 17:00:00,160,0.03336647707734618,False
2021-08-12 18:00:00,177,0.0860708363649559,False
2021-08-12 19:00:00,182,0.0036118872139673888,False
2021-08-12 20:00:00,127,0.02053739241386734,False
2021-08-12 21:00:00,114,0.0027829180678506024,False
2021-08-12 22:00:00,122,0.0021313975358544152,False
2021-08-12 23:00:00,118,0.0019793220440356947,False
2021-08-13 00:00:00,79,0.003987355130513054,False
2021-08-13 01:00:00,105,0.002882975624832608,False
2021-08-13 02:00:00,117,0.002178056868790718,False
2021-08-13 03:00:00,120,0.0022354792784510793,False
2021-08-13 04:00:00,116,0.0035030979594505266,False
2021-08-13 05:00:00,108,0.003108179906517151,False
2021-08-13 06:00:00,116,0.004609115642074524,False
2021-08-13 07:00:00,166,0.012293050927477001,False
2021-08-13 08:00:00,207,0.6763300349841587,True
2021-08-13 09:00:00,191,0.8518574644035032,True
2021-08-13 10:00:00,201,0.7935805373401175,True
2021-08-13 11:00:00,204,0.9131730919713104,True
2021-08-13 12:00:00,134,0.4283579998806435,False
2021-08-13 13:00:00,195,0.4093366074552598,False
2021-08-13 14:00:00,200,0.9076667722632742,True
2021-08-13 15:00:00,195,0.8296659335177997,True
2021-08-13 16:00:00,186,0.7398793151999599,True
2021-08-13 17:00:00,176,0.4384079750989868,False
2021-08-13 18:00:00,177,0.2404158308407589,False
2021-08-13 19:00:00,168,0.0756589586675647,False
2021-08-13 20:00:00,125,0.009712478717498512,False
2021-08-13 21:00:00,119,0.0017067900593378733,False
2021-08-13 22:00:00,118,0.002940268486956143,False
2021-08-13 23:00:00,116,0.0016300957764830517,False
2021-08-14 00:00:00,67,0.004821443163231718,False
2021-08-14 01:00:00,106,0.0017550905033794605,False
2021-08-14 02:00:00,108,0.0019885678451471754,False
2021-08-14 03:00:00,98,0.0019458906245108064,False
2021-08-14 04:00:00,100,0.0018933206356575782,False
2021-08-14 05:00:00,91,0.002160718360140468,False
2021-08-14 06:00:00,91,0.002024792166234213,False
2021-08-14 07:00:00,75,0.006093612872740174,False
2021-08-14 08:00:00,26,0.23697186721587676,False
2021-08-14 09:00:00,23,0.03218048775803758,False
2021-08-14 10:00:00,21,0.027341778699911334,False
2021-08-14 11:00:00,26,0.039100803097747244,False
2021-08-14 12:00:00,23,0.0034625932326365176,False
2021-08-14 13:00:00,21,0.016582084614671,False
2021-08-14 14:00:00,22,0.03300652905499956,False
2021-08-14 15:00:00,26,0.007703186199576922,False
2021-08-14 16:00:00,22,0.0058232039966967155,False
2021-08-14 17:00:00,22,0.0027188593459060136,False
2021-08-14 18:00:00,24,0.00400979992775036,False
2021-08-14 19:00:00,26,0.0015443843782687282,False
2021-08-14 20:00:00,22,0.0014687780166636904,False
2021-08-14 21:00:00,23,0.0015064243171494544,False
2021-08-14 22:00:00,25,0.0014360683535568001,False
2021-08-14 23:00:00,22,0.0014684122919464203,False
2021-08-15 00:00:00,22,0.0016501896601235932,False
2021-08-15 01:00:00,28,0.0016501896601235932,False
2021-08-15 02:00:00,24,0.001849523517889167,False
2021-08-15 03:00:00,22,0.0015509582556904754,False
2021-08-15 04:00:00,22,0.001682316061102124,False
2021-08-15 05:00:00,25,0.00187008560055716,False
2021-08-15 06:00:00,22,0.00187008560055716,False
2021-08-15 07:00:00,21,0.0021571805518212717,False
2021-08-15 08:00:00,26,0.009104924180362434,False
2021-08-15 09:00:00,24,0.008840495977996476,False
2021-08-15 10:00:00,21,0.007409176494939636,False
2021-08-15 11:00:00,22,0.008571427758554934,False
2021-08-15 12:00:00,26,0.002671463599969155,False
2021-08-15 13:00:00,22,0.008434902759469337,False
2021-08-15 14:00:00,22,0.0076560384751116995,False
2021-08-15 15:00:00,21,0.0026608983382827404,False
2021-08-15 16:00:00,25,0.0083561911460357,False
2021-08-15 17:00:00,22,0.0025643205175767017,False
2021-08-15 18:00:00,21,0.0033183011641110508,False
2021-08-15 19:00:00,25,0.002199071553492596,False
2021-08-15 20:00:00,22,0.0022794219260272516,False
2021-08-15 21:00:00,22,0.002234341394997873,False
2021-08-15 22:00:00,24,0.002234341394997873,False
2021-08-15 23:00:00,25,0.0025406043029276436,False
2021-08-16 00:00:00,22,0.0024460623750090925,False
2021-08-16 01:00:00,23,0.002692224354168881,False
2021-08-16 02:00:00,26,0.0026931126810232917,False
2021-08-16 03:00:00,21,0.002547141214878734,False
2021-08-16 04:00:00,22,0.0026931126810232917,False
2021-08-16 05:00:00,22,0.002888430894363933,False
2021-08-16 06:00:00,26,0.002742926821499652,False
2021-08-16 07:00:00,122,0.017907593059608352,False
2021-08-16 08:00:00,183,0.9853060982253221,True
2021-08-16 09:00:00,190,0.9548945874873078,True
2021-08-16 10:00:00,157,0.9849574749977896,True
2021-08-16 11:00:00,157,0.9582111636618487,True
2021-08-16 12:00:00,107,0.03879870389023771,False
2021-08-16 13:00:00,157,0.9363126944219051,True
2021-08-16 14:00:00,153,0.907798847536698,True
2021-08-16 15:00:00,146,0.9339779010908555,True
2021-08-16 16:00:00,125,0.26167106590854533,False
2021-08-16 17:00:00,105,0.012031247182533865,False
2021-08-16 18:00:00,94,0.0033202444488213386,False
2021-08-16 19:00:00,95,0.0017590472457658505,False
2021-08-16 20:00:00,102,0.0018760814529687271,False
2021-08-16 21:00:00,116,0.0018486123906456043,False
2021-08-16 22:00:00,102,0.002209781253918754,False
2021-08-16 23:00:00,102,0.0021432661534410667,False
2021-08-17 00:00:00,71,0.0020307985428843598,False
2021-08-17 01:00:00,100,0.0015291873443243932,False
2021-08-17 02:00:00,101,0.0015409959096802693,False
2021-08-17 03:00:00,99,0.0014747757749692509,False
2021-08-17 04:00:00,98,0.001616676223539944,False
2021-08-17 05:00:00,103,0.0016829270202423328,False
2021-08-17 06:00:00,96,0.002239427634724167,False
2021-08-17 07:00:00,146,0.014291275829225977,False
2021-08-17 08:00:00,171,0.8370128291180169,True
2021-08-17 09:00:00,170,0.8956065231241466,True
2021-08-17 10:00:00,165,0.5446711276818927,True
2021-08-17 11:00:00,173,0.32763573280367425,False
2021-08-17 12:00:00,134,0.018663551623641528,False
2021-08-17 13:00:00,164,0.7327161908785671,True
2021-08-17 14:00:00,164,0.17874260513921564,False
2021-08-17 15:00:00,168,0.03522795750353394,False
2021-08-17 16:00:00,158,0.11256526039261443,False
2021-08-17 17:00:00,135,0.003597209752037746,False
2021-08-17 18:00:00,158,0.052588452072057465,False
2021-08-17 19:00:00,143,0.011448469055800057,False
2021-08-17 20:00:00,128,0.0016134392230254106,False
2021-08-17 21:00:00,121,0.0015401084202805995,False
2021-08-17 22:00:00,118,0.0014933998399756063,False
2021-08-17 23:00:00,118,0.0015281428444184398,False
2021-08-18 00:00:00,66,0.001864574410827569,False
2021-08-18 01:00:00,105,0.0020573298735543696,False
2021-08-18 02:00:00,105,0.0016978281986662785,False
2021-08-18 03:00:00,101,0.0015222356823614063,False
2021-08-18 04:00:00,99,0.001491118859112982,False
2021-08-18 05:00:00,98,0.001418910156872587,False
2021-08-18 06:00:00,107,0.00208148414173989,False
2021-08-18 07:00:00,146,0.01936873389581696,False
2021-08-18 08:00:00,174,0.2979921941743031,False
2021-08-18 09:00:00,172,0.33630244752291655,False
2021-08-18 10:00:00,176,0.6322913576021911,True
2021-08-18 11:00:00,183,0.7070658266294965,True
2021-08-18 12:00:00,120,0.038116270631600564,False
2021-08-18 13:00:00,177,0.6987349883858089,True
2021-08-18 14:00:00,185,0.15606360147604786,False
2021-08-18 15:00:00,184,0.7358758447054694,True
2021-08-18 16:00:00,188,0.2005092105702195,False
2021-08-18 17:00:00,186,0.08387398538227386,False
2021-08-18 18:00:00,174,0.29123648415660686,False
2021-08-18 19:00:00,158,0.002797444008844755,False
2021-08-18 20:00:00,124,0.001606676846268511,False
2021-08-18 21:00:00,123,0.0016065804027582758,False
2021-08-18 22:00:00,125,0.0016574102110081031,False
2021-08-18 23:00:00,112,0.0014088813783540018,False
2021-08-19 00:00:00,77,0.0019787789215181045,False
2021-08-19 01:00:00,114,0.0015403169408886115,False
2021-08-19 02:00:00,116,0.002733427732017126,False
2021-08-19 03:00:00,119,0.0017849182504001701,False
2021-08-19 04:00:00,108,0.002010259685965689,False
2021-08-19 05:00:00,106,0.0020561691776907923,False
2021-08-19 06:00:00,119,0.0031158758433216397,False
2021-08-19 07:00:00,143,0.007953585727235604,False
2021-08-19 08:00:00,185,0.9484726719737622,True
2021-08-19 09:00:00,182,0.8862476674321526,True
2021-08-19 10:00:00,177,0.9142770859005166,True
2021-08-19 11:00:00,188,0.7456281179378617,True
2021-08-19 12:00:00,120,0.052481551859126646,False
2021-08-19 13:00:00,172,0.8166561657264304,True
2021-08-19 14:00:00,184,0.5325901834955964,False
2021-08-19 15:00:00,185,0.3198079722333314,False
2021-08-19 16:00:00,171,0.20624701977181092,False
2021-08-19 17:00:00,155,0.04230652293841278,False
2021-08-19 18:00:00,161,0.041248215537228114,False
2021-08-19 19:00:00,153,0.01833146469320013,False
2021-08-19 20:00:00,134,0.0018728873908747164,False
2021-08-19 21:00:00,123,0.0017251347576927097,False
2021-08-19 22:00:00,125,0.0017970076394718414,False
2021-08-19 23:00:00,117,0.0014471994082905558,False
2021-08-20 00:00:00,80,0.0021047694149704792,False
2021-08-20 01:00:00,109,0.003106605487904839,False
2021-08-20 02:00:00,110,0.0017447305218494704,False
2021-08-20 03:00:00,107,0.0015856953326336622,False
2021-08-20 04:00:00,106,0.00188177265092832,False
2021-08-20 05:00:00,104,0.0017926859539868162,False
2021-08-20 06:00:00,115,0.0017504548329399393,False
2021-08-20 07:00:00,146,0.01343938650259068,False
2021-08-20 08:00:00,179,0.5025776514097584,False
2021-08-20 09:00:00,175,0.7568807888958344,True
2021-08-20 10:00:00,168,0.7647984503782588,True
2021-08-20 11:00:00,193,0.34287535241492045,False
2021-08-20 12:00:00,134,0.14329252504697834,False
2021-08-20 13:00:00,180,0.972999066398901,True
2021-08-20 14:00:00,184,0.950093817737977,True
2021-08-20 15:00:00,176,0.9303291109886148,True
2021-08-20 16:00:00,177,0.4548486347937003,False
2021-08-20 17:00:00,164,0.07281690134193816,False
2021-08-20 18:00:00,158,0.5615439208627167,True
2021-08-20 19:00:00,146,0.002623237387346606,False
2021-08-20 20:00:00,125,0.0019793647502957313,False
2021-08-20 21:00:00,121,0.0017279921369485855,False
2021-08-20 22:00:00,113,0.001883234055372865,False
2021-08-20 23:00:00,106,0.001630512603511889,False
2021-08-21 00:00:00,64,0.0023614463187852123,False
2021-08-21 01:00:00,99,0.002101019975123649,False
2021-08-21 02:00:00,109,0.0020811884378517803,False
2021-08-21 03:00:00,102,0.0018589764966755386,False
2021-08-21 04:00:00,107,0.0020136633094645423,False
2021-08-21 05:00:00,110,0.0018517123243817714,False
2021-08-21 06:00:00,103,0.002775542119008819,False
2021-08-21 07:00:00,94,0.003788451457477686,False
2021-08-21 08:00:00,26,0.07940878291956417,False
2021-08-21 09:00:00,21,0.010713343008927682,False
2021-08-21 10:00:00,22,0.006328517992806953,False
2021-08-21 11:00:00,26,0.020205836777365364,False
2021-08-21 12:00:00,22,0.0030483433884714163,False
2021-08-21 13:00:00,21,0.005819841835965625,False
2021-08-21 14:00:00,26,0.005389133181925812,False
2021-08-21 15:00:00,23,0.002834611024012207,False
2021-08-21 16:00:00,22,0.003975722577159225,False
2021-08-21 17:00:00,22,0.0016945078010326513,False
2021-08-21 18:00:00,27,0.0016790562158996176,False
2021-08-21 19:00:00,21,0.0015443843782687282,False
2021-08-21 20:00:00,22,0.0014216460427885036,False
2021-08-21 21:00:00,23,0.0014511442023238384,False
2021-08-21 22:00:00,27,0.0014360683535568001,False
2021-08-21 23:00:00,23,0.0014335848711101238,False
2021-08-22 00:00:00,23,0.001633905136051861,False
2021-08-22 01:00:00,26,0.0016672119771393708,False
2021-08-22 02:00:00,27,0.0017570143411859982,False
2021-08-22 03:00:00,24,0.0014961011898367014,False
2021-08-22 04:00:00,22,0.0016660315370303916,False
2021-08-22 05:00:00,26,0.0015706803486549164,False
2021-08-22 06:00:00,22,0.0018954994038937198,False
2021-08-22 07:00:00,22,0.0022511481826015074,False
2021-08-22 08:00:00,22,0.0037562146803969566,False
2021-08-22 09:00:00,27,0.0022600485136120615,False
2021-08-22 10:00:00,22,0.00256275278074541,False
2021-08-22 11:00:00,23,0.008054039130597525,False
2021-08-22 12:00:00,24,0.0024096790009766897,False
2021-08-22 13:00:00,26,0.004205468930126347,False
2021-08-22 14:00:00,23,0.00390748717315742,False
2021-08-22 15:00:00,23,0.002512187934298799,False
2021-08-22 16:00:00,27,0.0033978718160231937,False
2021-08-22 17:00:00,22,0.0024029910418938453,False
2021-08-22 18:00:00,22,0.0024170292822803274,False
2021-08-22 19:00:00,22,0.002199071553492596,False
2021-08-22 20:00:00,26,0.0021820637805398894,False
2021-08-22 21:00:00,23,0.0022934594788278978,False
2021-08-22 22:00:00,24,0.0021922197084569862,False
2021-08-22 23:00:00,26,0.0021794757839762803,False
2021-08-23 00:00:00,25,0.0024802892728972826,False
2021-08-23 01:00:00,23,0.002461797834631251,False
2021-08-23 02:00:00,23,0.0024993115340413716,False
2021-08-23 03:00:00,27,0.0026931126810232917,False
2021-08-23 04:00:00,22,0.0025644728889107,False
2021-08-23 05:00:00,22,0.0026980390093774777,False
2021-08-23 06:00:00,22,0.002742926821499652,False
2021-08-23 07:00:00,92,0.00901360638602877,False
2021-08-23 08:00:00,181,0.9855426133368526,True
2021-08-23 09:00:00,187,0.8128556187309183,True
2021-08-23 10:00:00,182,0.20523314466947495,False
2021-08-23 11:00:00,191,0.9436596861827824,True
2021-08-23 12:00:00,136,0.2561277991755345,False
2021-08-23 13:00:00,193,0.9604083597151065,True
2021-08-23 14:00:00,190,0.7094068665081065,True
2021-08-23 15:00:00,196,0.7197227747867094,True
2021-08-23 16:00:00,177,0.5853977785060027,True
2021-08-23 17:00:00,177,0.07572121508498016,False
2021-08-23 18:00:00,179,0.6540176117972143,True
2021-08-23 19:00:00,137,0.00888602285705675,False
2021-08-23 20:00:00,118,0.001674161640543123,False
2021-08-23 21:00:00,117,0.0013444877802823284,False
2021-08-23 22:00:00,113,0.0013207170636674987,False
2021-08-23 23:00:00,107,0.0013776313868771183,False
2021-08-24 00:00:00,67,0.0017174274332180306,False
2021-08-24 01:00:00,111,0.0017952693853861615,False
2021-08-24 02:00:00,115,0.0018129611327712997,False
2021-08-24 03:00:00,115,0.0018993745365484798,False
2021-08-24 04:00:00,113,0.0020239374744140818,False
2021-08-24 05:00:00,106,0.0016357351074916637,False
2021-08-24 06:00:00,115,0.0029523498975810693,False
2021-08-24 07:00:00,145,0.007358063831698204,False
2021-08-24 08:00:00,196,0.9270619305810437,True
2021-08-24 09:00:00,190,0.9921150346448084,True
2021-08-24 10:00:00,181,0.8952975127346006,True
2021-08-24 11:00:00,188,0.9791502428777705,True
2021-08-24 12:00:00,130,0.12110838604788786,False
2021-08-24 13:00:00,180,0.9553116068697747,True
2021-08-24 14:00:00,190,0.9336148316385362,True
2021-08-24 15:00:00,201,0.7654373883654544,True
2021-08-24 16:00:00,191,0.9762208921897577,True
2021-08-24 17:00:00,157,0.6780598657075743,True
2021-08-24 18:00:00,156,0.060964432403113125,False
2021-08-24 19:00:00,164,0.004541040815995647,False
2021-08-24 20:00:00,125,0.001641414670621497,False
2021-08-24 21:00:00,123,0.001423807634645508,False
2021-08-24 22:00:00,120,0.0014410135878584465,False
2021-08-24 23:00:00,107,0.001389523016842521,False
2021-08-25 00:00:00,81,0.0019162558412074656,False
2021-08-25 01:00:00,111,0.0018826493523673507,False
2021-08-25 02:00:00,115,0.0018350154093636894,False
2021-08-25 03:00:00,106,0.0019034208844290615,False
2021-08-25 04:00:00,110,0.0021823423340731466,False
2021-08-25 05:00:00,107,0.0017885883323899075,False
2021-08-25 06:00:00,108,0.01447235508069025,False
2021-08-25 07:00:00,162,0.007861009527491983,False
2021-08-25 08:00:00,182,0.8931297054336833,True
2021-08-25 09:00:00,181,0.9493467778209269,True
2021-08-25 10:00:00,189,0.89689480468499,True
2021-08-25 11:00:00,184,0.9619381920897991,True
2021-08-25 12:00:00,121,0.029221772055496725,False
2021-08-25 13:00:00,180,0.97320245536632,True
2021-08-25 14:00:00,184,0.96622429890486,True
2021-08-25 15:00:00,180,0.9294550043257526,True
2021-08-25 16:00:00,172,0.6050770150298403,True
2021-08-25 17:00:00,176,0.016200078610698117,False
2021-08-25 18:00:00,172,0.0790281781514067,False
2021-08-25 19:00:00,152,0.00328921484116596,False
2021-08-25 20:00:00,124,0.0018716108344164317,False
2021-08-25 21:00:00,131,0.001626021324129747,False
2021-08-25 22:00:00,114,0.0018040704590110768,False
2021-08-25 23:00:00,119,0.0018236690820079273,False
2021-08-26 00:00:00,73,0.002242453370922312,False
2021-08-26 01:00:00,110,0.0018350757890627694,False
2021-08-26 02:00:00,118,0.001736223206620029,False
2021-08-26 03:00:00,104,0.0020118439531221057,False
2021-08-26 04:00:00,115,0.0022497391262828407,False
2021-08-26 05:00:00,108,0.0016855359825063167,False
2021-08-26 06:00:00,111,0.0024088884445727403,False
2021-08-26 07:00:00,147,0.010487414911730778,False
2021-08-26 08:00:00,196,0.7097693174933478,True
2021-08-26 09:00:00,199,0.9923884508685057,True
2021-08-26 10:00:00,193,0.9888315854199612,True
2021-08-26 11:00:00,194,0.9924633146138258,True
2021-08-26 12:00:00,127,0.23406989772947673,False
2021-08-26 13:00:00,199,0.9806260388012379,True
2021-08-26 14:00:00,190,0.9891433520566536,True
2021-08-26 15:00:00,202,0.9832534685359327,True
2021-08-26 16:00:00,186,0.9587358309332152,True
2021-08-26 17:00:00,161,0.4382171517108261,False
2021-08-26 18:00:00,167,0.48213380945748247,False
2021-08-26 19:00:00,170,0.006141071267995556,False
2021-08-26 20:00:00,121,0.0026220577857154585,False
2021-08-26 21:00:00,128,0.002571731541807752,False
2021-08-26 22:00:00,116,0.0022171608501527513,False
2021-08-26 23:00:00,113,0.0019085891438971841,False
2021-08-27 00:00:00,77,0.002964797327028721,False
2021-08-27 01:00:00,111,0.0023081971574168336,False
2021-08-27 02:00:00,115,0.002375890884798249,False
2021-08-27 03:00:00,114,0.002318643780113787,False
2021-08-27 04:00:00,112,0.002444359246310189,False
2021-08-27 05:00:00,104,0.00221212947604722,False
2021-08-27 06:00:00,103,0.003433359670633805,False
2021-08-27 07:00:00,135,0.006262426602109731,False
2021-08-27 08:00:00,190,0.9382775301838431,True
2021-08-27 09:00:00,185,0.9717254341235835,True
2021-08-27 10:00:00,177,0.9514400651318742,True
2021-08-27 11:00:00,182,0.9708614791732915,True
2021-08-27 12:00:00,125,0.12308362779336743,False
2021-08-27 13:00:00,179,0.962406598181049,True
2021-08-27 14:00:00,169,0.9446430002136529,True
2021-08-27 15:00:00,175,0.6892410724310452,True
2021-08-27 16:00:00,161,0.13648922663448948,False
2021-08-27 17:00:00,163,0.00575283569477264,False
2021-08-27 18:00:00,157,0.06287559982738039,False
2021-08-27 19:00:00,138,0.0048327493018775845,False
2021-08-27 20:00:00,111,0.0020169252015151675,False
2021-08-27 21:00:00,115,0.00186808703280826,False
2021-08-27 22:00:00,105,0.00194264943449761,False
2021-08-27 23:00:00,113,0.001689043380706115,False
2021-08-28 00:00:00,75,0.0017624252160382547,False
2021-08-28 01:00:00,111,0.0018806558252587723,False
2021-08-28 02:00:00,119,0.0018820159535912575,False
2021-08-28 03:00:00,109,0.0018471827457653364,False
2021-08-28 04:00:00,107,0.002593250104679131,False
2021-08-28 05:00:00,107,0.002045324395309583,False
2021-08-28 06:00:00,103,0.004005864341823723,False
2021-08-28 07:00:00,94,0.0042736306138330534,False
2021-08-28 08:00:00,36,0.17424097328740393,False
2021-08-28 09:00:00,36,0.019072866168790392,False
2021-08-28 10:00:00,41,0.010047144350582907,False
2021-08-28 11:00:00,39,0.011126295573104447,False
2021-08-28 12:00:00,38,0.0018706495998665057,False
2021-08-28 13:00:00,41,0.011271493288138527,False
2021-08-28 14:00:00,41,0.006087492300010762,False
2021-08-28 15:00:00,38,0.006623603299992752,False
2021-08-28 16:00:00,52,0.0022943805302573046,False
2021-08-28 17:00:00,47,0.001879501649630814,False
2021-08-28 18:00:00,0,0.004558147944386556,False
2021-08-28 19:00:00,0,0.0015548578951362084,False
2021-08-28 20:00:00,0,0.0014603506591418687,False
2021-08-28 21:00:00,0,0.001457817965876103,False
2021-08-28 22:00:00,0,0.001442791327928154,False
2021-08-28 23:00:00,0,0.0016316427030081838,False
2021-08-29 00:00:00,0,0.0014503185555708748,False
2021-08-29 01:00:00,0,0.0016501896601235932,False
2021-08-29 02:00:00,0,0.00147775321168465,False
2021-08-29 03:00:00,0,0.0014802914951781237,False
2021-08-29 04:00:00,0,0.00147775321168465,False
2021-08-29 05:00:00,0,0.0015866951413247652,False
2021-08-29 06:00:00,0,0.0017890563171355403,False
2021-08-29 07:00:00,0,0.0022401559765762935,False
2021-08-29 08:00:00,0,0.006086082128185598,False
2021-08-29 09:00:00,0,0.0034454272434377878,False
2021-08-29 10:00:00,0,0.002400992985110805,False
2021-08-29 11:00:00,41,0.0038308452975588684,False
2021-08-29 12:00:00,23,0.005262485292917665,False
2021-08-29 13:00:00,19,0.010522874109501921,False
2021-08-29 14:00:00,22,0.007828928486244972,False
2021-08-29 15:00:00,21,0.00614790301501068,False
2021-08-29 16:00:00,23,0.006238714027469925,False
2021-08-29 17:00:00,26,0.006124413955963059,False
2021-08-29 18:00:00,25,0.0059602385167585046,False
2021-08-29 19:00:00,21,0.0034437185398904927,False
2021-08-29 20:00:00,20,0.004777872118885454,False
2021-08-29 21:00:00,21,0.00526114980496864,False
2021-08-29 22:00:00,24,0.0025516773217476845,False
2021-08-29 23:00:00,21,0.0024894498514954505,False
2021-08-30 00:00:00,20,0.0027677629086381352,False
2021-08-30 01:00:00,23,0.0027677629086381352,False
2021-08-30 02:00:00,24,0.0029730086015799465,False
2021-08-30 03:00:00,21,0.0027837627948796824,False
2021-08-30 04:00:00,20,0.0027487519695713536,False
2021-08-30 05:00:00,20,0.002732739299504788,False
2021-08-30 06:00:00,24,0.002732739299504788,False
2021-08-30 07:00:00,80,0.004204224812431321,False
2021-08-30 08:00:00,183,0.9756738606732236,True
2021-08-30 09:00:00,180,0.9068040572215064,True
2021-08-30 10:00:00,186,0.8712857871240027,True
2021-08-30 11:00:00,180,0.873606735588823,True
2021-08-30 12:00:00,134,0.217658497725086,False
2021-08-30 13:00:00,177,0.9559480644023991,True
2021-08-30 14:00:00,174,0.8861534839896202,True
2021-08-30 15:00:00,177,0.8424464579195958,True
2021-08-30 16:00:00,174,0.32497850928637584,False
2021-08-30 17:00:00,172,0.023781180664253353,False
2021-08-30 18:00:00,172,0.2079925409584685,False
2021-08-30 19:00:00,162,0.003461523533610742,False
2021-08-30 20:00:00,132,0.002480083899941005,False
2021-08-30 21:00:00,135,0.0022001105427916674,False
2021-08-30 22:00:00,123,0.0018248760723839892,False
2021-08-30 23:00:00,115,0.0014047182822468328,False
2021-08-31 00:00:00,76,0.00193872253094781,False
2021-08-31 01:00:00,111,0.001537287077485846,False
2021-08-31 02:00:00,114,0.0015256736091010098,False
2021-08-31 03:00:00,107,0.0015060352602119388,False
2021-08-31 04:00:00,114,0.0018890742443655496,False
2021-08-31 05:00:00,114,0.0014946745242226907,False
2021-08-31 06:00:00,114,0.01877282467043844,False
2021-08-31 07:00:00,144,0.018153038601813345,False
2021-08-31 08:00:00,177,0.9555917207113664,True
2021-08-31 09:00:00,185,0.5422831369298616,True
2021-08-31 10:00:00,187,0.9229239039338816,True
2021-08-31 11:00:00,182,0.867642796357883,True
2021-08-31 12:00:00,135,0.013776212268504218,False
2021-08-31 13:00:00,184,0.9145669329081728,True
2021-08-31 14:00:00,187,0.8240801211224991,True
2021-08-31 15:00:00,170,0.9052005086982332,True
2021-08-31 16:00:00,180,0.2605287677908955,False
2021-08-31 17:00:00,139,0.11051797855121595,False
2021-08-31 18:00:00,162,0.027670133780738085,False
2021-08-31 19:00:00,154,0.0021304974559992794,False
2021-08-31 20:00:00,152,0.0014471247016731104,False
2021-08-31 21:00:00,132,0.0015987170189579814,False
2021-08-31 22:00:00,127,0.0016063525466759824,False
2021-08-31 23:00:00,128,0.001682195832292415,False
2021-09-01 00:00:00,83,0.002105279169172936,False
2021-09-01 01:00:00,117,0.0022956420831613733,False
2021-09-01 02:00:00,121,0.0018518128324184861,False
2021-09-01 03:00:00,103,0.002275629997935374,False
2021-09-01 04:00:00,119,0.0020808835093435655,False
2021-09-01 05:00:00,112,0.001917952685639115,False
2021-09-01 06:00:00,119,0.004971851526975245,False
2021-09-01 07:00:00,139,0.008426787046863879,False
2021-09-01 08:00:00,198,0.8085437884495796,True
2021-09-01 09:00:00,189,0.9903303190077152,True
2021-09-01 10:00:00,196,0.965630357661577,True
2021-09-01 11:00:00,180,0.9921802413295903,True
2021-09-01 12:00:00,138,0.05722148156577295,False
2021-09-01 13:00:00,190,0.9815586837140979,True
2021-09-01 14:00:00,192,0.9902076318429156,True
2021-09-01 15:00:00,182,0.9815737481619287,True
2021-09-01 16:00:00,187,0.6216405452956109,True
2021-09-01 17:00:00,180,0.2829123105338369,False
2021-09-01 18:00:00,167,0.7915749530892107,True
2021-09-01 19:00:00,163,0.004191479004386468,False
2021-09-01 20:00:00,139,0.0019096018296966923,False
2021-09-01 21:00:00,133,0.0015564298350147858,False
2021-09-01 22:00:00,128,0.0018610864669349357,False
2021-09-01 23:00:00,121,0.0015507711776758784,False
2021-09-02 00:00:00,87,0.0026276250958153077,False
2021-09-02 01:00:00,119,0.0024537895305829223,False
2021-09-02 02:00:00,119,0.002180382972319143,False
2021-09-02 03:00:00,118,0.0026821834183549604,False
2021-09-02 04:00:00,120,0.0036882391721778764,False
2021-09-02 05:00:00,108,0.0024619668015475908,False
2021-09-02 06:00:00,117,0.0022954325858122785,False
2021-09-02 07:00:00,160,0.03481597846770724,False
2021-09-02 08:00:00,171,0.9505980100667544,True
2021-09-02 09:00:00,198,0.9540449030980646,True
2021-09-02 10:00:00,188,0.9908051906610994,True
2021-09-02 11:00:00,188,0.960601918930082,True
2021-09-02 12:00:00,130,0.12074257549337059,False
2021-09-02 13:00:00,183,0.980851401973289,True
2021-09-02 14:00:00,195,0.9796319860450305,True
2021-09-02 15:00:00,177,0.984049087558573,True
2021-09-02 16:00:00,181,0.52547507078664,False
2021-09-02 17:00:00,153,0.4622891267311054,False
2021-09-02 18:00:00,167,0.1598585113135808,False
2021-09-02 19:00:00,173,0.05481186071041991,False
2021-09-02 20:00:00,143,0.002456372589725241,False
2021-09-02 21:00:00,138,0.0020859529813520277,False
2021-09-02 22:00:00,129,0.0020912366089212305,False
2021-09-02 23:00:00,129,0.01991034918032005,False
2021-09-03 00:00:00,71,0.0025532416192699317,False
2021-09-03 01:00:00,119,0.003335282171550954,False
2021-09-03 02:00:00,117,0.0020877799209347153,False
2021-09-03 03:00:00,114,0.0024971184093283685,False
2021-09-03 04:00:00,113,0.002262898531307656,False
2021-09-03 05:00:00,111,0.002181438623126237,False
2021-09-03 06:00:00,114,0.0020615309566195056,False
2021-09-03 07:00:00,147,0.01796383339487729,False
2021-09-03 08:00:00,179,0.902251833274464,True
2021-09-03 09:00:00,178,0.9417421801951402,True
2021-09-03 10:00:00,169,0.9544909323749269,True
2021-09-03 11:00:00,190,0.8764844502637544,True
2021-09-03 12:00:00,122,0.1574569323165183,False
2021-09-03 13:00:00,176,0.9365436180107091,True
2021-09-03 14:00:00,181,0.9501711354279166,True
2021-09-03 15:00:00,162,0.7200625300974111,True
2021-09-03 16:00:00,165,0.2540268360994241,False
2021-09-03 17:00:00,170,0.010749515653322031,False
2021-09-03 18:00:00,158,0.013198577146075387,False
2021-09-03 19:00:00,156,0.004179356075657227,False
2021-09-03 20:00:00,118,0.00168039539812032,False
2021-09-03 21:00:00,113,0.0018019016403259135,False
2021-09-03 22:00:00,119,0.0015495419454920265,False
2021-09-03 23:00:00,112,0.0022430358733485953,False
2021-09-04 00:00:00,69,0.0016349574288786377,False
2021-09-04 01:00:00,114,0.0024243775368010547,False
2021-09-04 02:00:00,107,0.0019469887648372987,False
2021-09-04 03:00:00,103,0.0018965029547074691,False
2021-09-04 04:00:00,112,0.0018491981794040973,False
2021-09-04 05:00:00,105,0.002011108555227013,False
2021-09-04 06:00:00,116,0.003019055003257446,False
2021-09-04 07:00:00,97,0.004742351193141126,False
2021-09-04 08:00:00,37,0.12166326895331284,False
2021-09-04 09:00:00,32,0.0288237157676019,False
2021-09-04 10:00:00,36,0.007513871206971242,False
2021-09-04 11:00:00,32,0.024940390933928205,False
2021-09-04 12:00:00,34,0.0024063515597248777,False
2021-09-04 13:00:00,37,0.006225572903534504,False
2021-09-04 14:00:00,35,0.011712594242443045,False
2021-09-04 15:00:00,33,0.0016262020703882774,False
2021-09-04 16:00:00,43,0.0022512778119507817,False
2021-09-04 17:00:00,40,0.0057255640908708515,False
2021-09-04 18:00:00,29,0.0030417578638429216,False
2021-09-04 19:00:00,25,0.0018550403890343727,False
2021-09-04 20:00:00,27,0.001711283017116467,False
2021-09-04 21:00:00,23,0.0015841084926160078,False
2021-09-04 22:00:00,23,0.001691960035114931,False
2021-09-04 23:00:00,23,0.0017421292926511458,False
2021-09-05 00:00:00,26,0.00174408199729096,False
2021-09-05 01:00:00,22,0.0017057768071528038,False
2021-09-05 02:00:00,22,0.0017620861320973094,False
2021-09-05 03:00:00,22,0.0017788930083680052,False
2021-09-05 04:00:00,27,0.0018611085712741946,False
2021-09-05 05:00:00,22,0.0016325268093445276,False
2021-09-05 06:00:00,22,0.0018221314292147734,False
2021-09-05 07:00:00,22,0.0033311175694002992,False
2021-09-05 08:00:00,27,0.004146913585704831,False
2021-09-05 09:00:00,23,0.006203324872660307,False
2021-09-05 10:00:00,22,0.003923201451292142,False
2021-09-05 11:00:00,22,0.00811612390251662,False
2021-09-05 12:00:00,26,0.0040471459185341995,False
2021-09-05 13:00:00,23,0.002871866836683175,False
2021-09-05 14:00:00,23,0.0037043628203388993,False
2021-09-05 15:00:00,28,0.002425808557897347,False
2021-09-05 16:00:00,25,0.0027765516804559246,False
2021-09-05 17:00:00,23,0.0024190151286842395,False
2021-09-05 18:00:00,22,0.0024219905126334775,False
2021-09-05 19:00:00,27,0.0024336592375586766,False
2021-09-05 20:00:00,23,0.0021871822567035206,False
2021-09-05 21:00:00,23,0.0021399420939990027,False
2021-09-05 22:00:00,27,0.0023914176436735032,False
2021-09-05 23:00:00,24,0.0025549464512025985,False
2021-09-06 00:00:00,22,0.0022157385219527207,False
2021-09-06 01:00:00,22,0.00225878842622714,False
2021-09-06 02:00:00,27,0.0027534127394043136,False
2021-09-06 03:00:00,22,0.002568004253246387,False
2021-09-06 04:00:00,22,0.002708482409705103,False
2021-09-06 05:00:00,24,0.002742926821499652,False
2021-09-06 06:00:00,26,0.002884326244916616,False
2021-09-06 07:00:00,81,0.004185814256230037,False
2021-09-06 08:00:00,180,0.9373999826016005,True
2021-09-06 09:00:00,165,0.4464875901674119,False
2021-09-06 10:00:00,190,0.8266024913338718,True
2021-09-06 11:00:00,180,0.9569345027094802,True
2021-09-06 12:00:00,124,0.10740049897582857,False
2021-09-06 13:00:00,164,0.7772087840012454,True
2021-09-06 14:00:00,163,0.284437763022494,False
2021-09-06 15:00:00,171,0.19731765864080258,False
2021-09-06 16:00:00,152,0.06144403006710887,False
2021-09-06 17:00:00,148,0.009187167665102752,False
2021-09-06 18:00:00,154,0.06650827343447722,False
2021-09-06 19:00:00,145,0.003032432428866956,False
2021-09-06 20:00:00,128,0.0018154029925982313,False
2021-09-06 21:00:00,133,0.0015006165063251688,False
2021-09-06 22:00:00,114,0.0016363427651755113,False
2021-09-06 23:00:00,118,0.0013522556300395205,False
2021-09-07 00:00:00,74,0.0018352888089123575,False
2021-09-07 01:00:00,121,0.001489200492120743,False
2021-09-07 02:00:00,118,0.002465437410733639,False
2021-09-07 03:00:00,123,0.002161573401397314,False
2021-09-07 04:00:00,120,0.0019805179657205246,False
2021-09-07 05:00:00,116,0.001998451801572562,False
2021-09-07 06:00:00,124,0.004732143460733959,False
2021-09-07 07:00:00,160,0.0033103739262402994,False
2021-09-07 08:00:00,192,0.35399289461677763,False
2021-09-07 09:00:00,174,0.9793975971870184,True
2021-09-07 10:00:00,178,0.3555944717598367,False
2021-09-07 11:00:00,183,0.7280101927173126,True
2021-09-07 12:00:00,140,0.01625413840165018,False
2021-09-07 13:00:00,189,0.8858126157141932,True
2021-09-07 14:00:00,191,0.9285382162176046,True
2021-09-07 15:00:00,174,0.9380020143472079,True
2021-09-07 16:00:00,167,0.33477262510178096,False
2021-09-07 17:00:00,161,0.006031680472571807,False
2021-09-07 18:00:00,165,0.03679326514853229,False
2021-09-07 19:00:00,158,0.0020051298008555347,False
2021-09-07 20:00:00,141,0.0017615171393255656,False
2021-09-07 21:00:00,134,0.001228440418728553,False
2021-09-07 22:00:00,122,0.001530477541370042,False
2021-09-07 23:00:00,126,0.0014839081038061984,False
2021-09-08 00:00:00,78,0.00212536563904158,False
2021-09-08 01:00:00,115,0.0025219946732191736,False
2021-09-08 02:00:00,126,0.0017502925870227105,False
2021-09-08 03:00:00,122,0.0025065762878562804,False
2021-09-08 04:00:00,116,0.0019125100437351848,False
2021-09-08 05:00:00,109,0.002228928773614632,False
2021-09-08 06:00:00,123,0.002039111836487303,False
2021-09-08 07:00:00,154,0.006902592545326436,False
2021-09-08 08:00:00,181,0.9005300317437108,True
2021-09-08 09:00:00,163,0.901290161622029,True
2021-09-08 10:00:00,160,0.7919479604423819,True
2021-09-08 11:00:00,168,0.7049081038038112,True
2021-09-08 12:00:00,63,0.012495896692739608,False
2021-09-08 13:00:00,165,0.9377697687182394,True
2021-09-08 14:00:00,178,0.7217839547436731,True
2021-09-08 15:00:00,183,0.18010679101780824,False
2021-09-08 16:00:00,170,0.1312111397470761,False
2021-09-08 17:00:00,182,0.014016760986059064,False
2021-09-08 18:00:00,170,0.17612827901275602,False
2021-09-08 19:00:00,163,0.02251859816655117,False
2021-09-08 20:00:00,111,0.0016815828917863592,False
2021-09-08 21:00:00,127,0.001799350243844879,False
2021-09-08 22:00:00,116,0.0016507407854028798,False
2021-09-08 23:00:00,111,0.001401054419178662,False
2021-09-09 00:00:00,79,0.0014007931032654426,False
2021-09-09 01:00:00,99,0.001532511981045837,False
2021-09-09 02:00:00,114,0.0016057388416239396,False
2021-09-09 03:00:00,116,0.001624100549630263,False
2021-09-09 04:00:00,114,0.0021490553457077723,False
2021-09-09 05:00:00,109,0.0019420399162461796,False
2021-09-09 06:00:00,121,0.0026706427146663365,False
2021-09-09 07:00:00,152,0.005422544005016031,False
2021-09-09 08:00:00,187,0.49300313254123784,False
2021-09-09 09:00:00,176,0.9049627938271568,True
2021-09-09 10:00:00,169,0.6582191542745084,True
2021-09-09 11:00:00,190,0.6004640008441693,True
2021-09-09 12:00:00,129,0.022978945419945784,False
2021-09-09 13:00:00,176,0.8997992458837327,True
2021-09-09 14:00:00,168,0.538911391588814,True
2021-09-09 15:00:00,185,0.18213915555382082,False
2021-09-09 16:00:00,168,0.10784046231233979,False
2021-09-09 17:00:00,168,0.0974650680353004,False
2021-09-09 18:00:00,172,0.03281585255726401,False
2021-09-09 19:00:00,158,0.02414357305581702,False
2021-09-09 20:00:00,134,0.0019110394450137817,False
2021-09-09 21:00:00,134,0.0015590804619832169,False
2021-09-09 22:00:00,118,0.001652781045533254,False
2021-09-09 23:00:00,116,0.0014104471454701728,False
2021-09-10 00:00:00,83,0.0019332544174908086,False
2021-09-10 01:00:00,109,0.002071642658533133,False
2021-09-10 02:00:00,118,0.0016846831684827653,False
2021-09-10 03:00:00,116,0.0016298397426597186,False
2021-09-10 04:00:00,117,0.0019316468646255812,False
2021-09-10 05:00:00,107,0.0015535309241200231,False
2021-09-10 06:00:00,118,0.002016388160412969,False
2021-09-10 07:00:00,150,0.005235283377115932,False
2021-09-10 08:00:00,192,0.7096762379926639,True
2021-09-10 09:00:00,204,0.9770713490338978,True
2021-09-10 10:00:00,181,0.9888942860848928,True
2021-09-10 11:00:00,188,0.9722478821967886,True
2021-09-10 12:00:00,128,0.09034068201032774,False
2021-09-10 13:00:00,191,0.9785632849580728,True
2021-09-10 14:00:00,190,0.9829989090569577,True
2021-09-10 15:00:00,191,0.9604614111733247,True
2021-09-10 16:00:00,171,0.7390328682394534,True
2021-09-10 17:00:00,157,0.024848207875624216,False
2021-09-10 18:00:00,162,0.10594416359799116,False
2021-09-10 19:00:00,148,0.002507093937123704,False
2021-09-10 20:00:00,121,0.00177338478191445,False
2021-09-10 21:00:00,126,0.0017948169405536578,False
2021-09-10 22:00:00,109,0.0017161019989408864,False
2021-09-10 23:00:00,105,0.0016322249290307215,False
2021-09-11 00:00:00,69,0.0019498381837417585,False
2021-09-11 01:00:00,105,0.001644062775434026,False
2021-09-11 02:00:00,99,0.0030872443443774296,False
2021-09-11 03:00:00,107,0.00191637238842366,False
2021-09-11 04:00:00,93,0.001667622054388817,False
2021-09-11 05:00:00,98,0.001679418116813536,False
2021-09-11 06:00:00,97,0.0018744722841295069,False
2021-09-11 07:00:00,73,0.0038929543536415047,False
2021-09-11 08:00:00,23,0.09084682455702185,False
2021-09-11 09:00:00,23,0.01070726186080815,False
2021-09-11 10:00:00,23,0.004871090692768346,False
2021-09-11 11:00:00,23,0.008430754113581755,False
2021-09-11 12:00:00,28,0.0020425127305779703,False
2021-09-11 13:00:00,25,0.008937680116188416,False
2021-09-11 14:00:00,24,0.006846720489098887,False
2021-09-11 15:00:00,24,0.0068585187005560586,False
2021-09-11 16:00:00,24,0.002609440222353047,False
2021-09-11 17:00:00,24,0.0016615987245915905,False
2021-09-11 18:00:00,24,0.0016469910654675376,False
2021-09-11 19:00:00,28,0.0014889714702867583,False
2021-09-11 20:00:00,24,0.0014511442023238384,False
2021-09-11 21:00:00,24,0.001407143380523892,False
2021-09-11 22:00:00,24,0.0014360683535568001,False
2021-09-11 23:00:00,23,0.0014335848711101238,False
2021-09-12 00:00:00,23,0.0016501896601235932,False
2021-09-12 01:00:00,24,0.0016501896601235932,False
2021-09-12 02:00:00,27,0.001682316061102124,False
2021-09-12 03:00:00,23,0.0017804428970087148,False
2021-09-12 04:00:00,23,0.0016496561637413404,False
2021-09-12 05:00:00,23,0.0017890563171355403,False
2021-09-12 06:00:00,23,0.0017890563171355403,False
2021-09-12 07:00:00,23,0.0021571805518212717,False
2021-09-12 08:00:00,28,0.005920351574955801,False
2021-09-12 09:00:00,24,0.008749005683489021,False
2021-09-12 10:00:00,24,0.0022779288223436457,False
2021-09-12 11:00:00,23,0.005186624363742714,False
2021-09-12 12:00:00,23,0.0024097764279836856,False
2021-09-12 13:00:00,23,0.00549879790166005,False
2021-09-12 14:00:00,28,0.003761575286477131,False
2021-09-12 15:00:00,24,0.0037766781645222746,False
2021-09-12 16:00:00,24,0.0024616575044500554,False
2021-09-12 17:00:00,23,0.0025643205175767017,False
2021-09-12 18:00:00,24,0.002431831375897282,False
2021-09-12 19:00:00,24,0.002199071553492596,False
2021-09-12 20:00:00,24,0.0021820637805398894,False
2021-09-12 21:00:00,28,0.0021820637805398894,False
2021-09-12 22:00:00,24,0.0023684364980963712,False
2021-09-12 23:00:00,24,0.002379493657238939,False
2021-09-13 00:00:00,23,0.0024460623750090925,False
2021-09-13 01:00:00,23,0.002461797834631251,False
2021-09-13 02:00:00,23,0.0024993115340413716,False
2021-09-13 03:00:00,25,0.0026931126810232917,False
2021-09-13 04:00:00,28,0.0028343857808382413,False
2021-09-13 05:00:00,23,0.0027387135317895024,False
2021-09-13 06:00:00,24,0.0026980390093774777,False
2021-09-13 07:00:00,111,0.0038486264532878543,False
2021-09-13 08:00:00,196,0.982024603961159,True
2021-09-13 09:00:00,188,0.9876892696136089,True
2021-09-13 10:00:00,189,0.9682332771060169,True
2021-09-13 11:00:00,191,0.9846542844759796,True
2021-09-13 12:00:00,130,0.36098992908073635,False
2021-09-13 13:00:00,191,0.9559867288825724,True
2021-09-13 14:00:00,182,0.9819551594662639,True
2021-09-13 15:00:00,177,0.9053819845579036,True
2021-09-13 16:00:00,182,0.22992387076364676,False
2021-09-13 17:00:00,160,0.07664185241042051,False
2021-09-13 18:00:00,162,0.40365345854396084,False
2021-09-13 19:00:00,162,0.00291399758858736,False
2021-09-13 20:00:00,126,0.001790161687896941,False
2021-09-13 21:00:00,131,0.0015485206882503149,False
2021-09-13 22:00:00,122,0.001431730466531636,False
2021-09-13 23:00:00,123,0.0013296841925137899,False
2021-09-14 00:00:00,72,0.0018284110422338586,False
2021-09-14 01:00:00,116,0.002506306941988554,False
2021-09-14 02:00:00,115,0.0018283490111471886,False
2021-09-14 03:00:00,114,0.002446109597089469,False
2021-09-14 04:00:00,115,0.002054411742903732,False
2021-09-14 05:00:00,115,0.001637394814976373,False
2021-09-14 06:00:00,112,0.004788805407104685,False
2021-09-14 07:00:00,156,0.0216504811540968,False
2021-09-14 08:00:00,184,0.9203401377640823,True
2021-09-14 09:00:00,178,0.900457093653338,True
2021-09-14 10:00:00,161,0.9284802894308629,True
2021-09-14 11:00:00,180,0.8056365021622205,True
2021-09-14 12:00:00,135,0.02888450473811974,False
2021-09-14 13:00:00,173,0.9733786495806407,True
2021-09-14 14:00:00,162,0.5480547312433071,True
2021-09-14 15:00:00,175,0.06700645027893008,False
2021-09-14 16:00:00,165,0.025404181335309486,False
2021-09-14 17:00:00,146,0.003841884815569377,False
2021-09-14 18:00:00,164,0.025049845669491696,False
2021-09-14 19:00:00,171,0.010130085800171877,False
2021-09-14 20:00:00,130,0.001573614551012053,False
2021-09-14 21:00:00,134,0.0016565933848414626,False
2021-09-14 22:00:00,120,0.0015114616982930657,False
2021-09-14 23:00:00,119,0.0012857283330348509,False
