date,nearest_pre_august_daily_mae,exact_profile_seen_before_august
2021-08-01,1.0,False
2021-08-02,0.8333333333333334,False
2021-08-03,0.9583333333333334,False
2021-08-04,0.75,False
2021-08-05,0.9583333333333334,False
2021-08-06,1.0,False
2021-08-07,0.9166666666666666,False
2021-08-08,0.5833333333333334,False
2021-08-09,10.125,False
2021-08-10,5.083333333333333,False
2021-08-11,7.041666666666667,False
2021-08-12,5.0,False
2021-08-13,6.208333333333333,False
2021-08-14,2.0416666666666665,False
2021-08-15,0.9583333333333334,False
2021-08-16,9.416666666666666,False
2021-08-17,6.0,False
2021-08-18,7.125,False
2021-08-19,4.875,False
2021-08-20,5.25,False
2021-08-21,1.7083333333333333,False
2021-08-22,0.7916666666666666,False
2021-08-23,4.791666666666667,False
2021-08-24,6.041666666666667,False
2021-08-25,4.833333333333333,False
2021-08-26,6.25,False
2021-08-27,4.708333333333333,False
2021-08-28,12.5,False
2021-08-29,10.458333333333334,False
2021-08-30,5.208333333333333,False
2021-08-31,6.083333333333333,False
2021-09-01,5.916666666666667,False
2021-09-02,6.0,False
2021-09-03,4.083333333333333,False
2021-09-04,5.291666666666667,False
2021-09-05,0.75,False
2021-09-06,4.416666666666667,False
2021-09-07,4.916666666666667,False
2021-09-08,9.291666666666666,False
2021-09-09,6.166666666666667,False
2021-09-10,5.041666666666667,False
2021-09-11,1.6666666666666667,False
2021-09-12,0.7083333333333334,False
2021-09-13,3.8333333333333335,False
2021-09-14,3.8333333333333335,False
