date,fraction,forecast_peak_before,forecast_peak_after,observed_peak_before,simulated_peak_after,simulated_peak_change,feasible_under_assumed_share,has_movement,share_violation_sum,moved_load_sum,daily_mae,past_profile_disagreement,previous_24h_no_production,above_calibration_disagreement,review_required,reason
2021-08-01,0.1,26.0,26.0,23.0,23.0,0.0,True,False,0.0,0.0,2.9583333333333335,3.0,True,False,True,prior_day_no_production
2021-08-02,0.1,198.0,178.20000009999998,23.0,40.8,17.799999999999997,False,True,47.09999930000012,57.79999930000013,90.20833333333333,90.08333333333333,True,True,True,past_profile_disagreement+prior_day_no_production
2021-08-03,0.1,207.0,186.3000001,23.0,36.89999929999996,13.899999299999962,False,True,30.599999699999984,38.79999959999998,123.54166666666667,123.70833333333333,True,True,True,past_profile_disagreement+prior_day_no_production
2021-08-04,0.1,208.0,187.2000001,23.0,41.8,18.8,False,True,48.89999910000016,61.19999880000021,124.29166666666667,124.04166666666667,True,True,True,past_profile_disagreement+prior_day_no_production
2021-08-05,0.1,207.0,186.3000001,23.0,42.7,19.700000000000003,False,True,35.79999939999996,45.899999199999954,121.29166666666667,121.45833333333333,True,True,True,past_profile_disagreement+prior_day_no_production
2021-08-06,0.1,208.0,187.2000001,24.0,44.8,20.8,False,True,48.39999910000015,61.19999880000021,123.79166666666667,124.125,True,True,True,past_profile_disagreement+prior_day_no_production
2021-08-07,0.1,23.0,23.0,24.0,24.0,0.0,True,False,0.0,0.0,1.125,1.0,True,False,True,prior_day_no_production
2021-08-08,0.1,23.0,23.0,23.0,23.0,0.0,True,False,0.0,0.0,1.125,0.5,True,False,True,prior_day_no_production
2021-08-09,0.1,23.0,23.0,193.0,193.0,0.0,True,False,0.0,0.0,86.54166666666667,0.3333333333333333,True,False,True,prior_day_no_production
2021-08-10,0.1,23.0,23.0,185.0,185.0,0.0,True,False,0.0,0.0,111.25,86.29166666666667,False,True,True,past_profile_disagreement
2021-08-11,0.1,23.0,23.0,203.0,203.0,0.0,True,False,0.0,0.0,117.625,111.5,False,True,True,past_profile_disagreement
2021-08-12,0.1,23.0,23.0,188.0,188.0,0.0,True,False,0.0,0.0,115.91666666666667,117.45833333333333,False,True,True,past_profile_disagreement
2021-08-13,0.1,24.0,23.0000001,196.0,196.0,0.0,True,True,0.0,4.999999399999993,117.54166666666667,115.58333333333333,False,True,True,past_profile_disagreement
2021-08-14,0.1,24.0,23.0000001,107.0,107.0,0.0,True,True,0.0,0.9999998999999988,21.708333333333332,117.75,False,True,True,past_profile_disagreement
2021-08-15,0.1,23.0,23.0,23.0,23.0,0.0,True,False,0.0,0.0,1.2916666666666667,21.833333333333332,False,False,False,standard_review
2021-08-16,0.1,193.0,175.6400001,183.0,167.6400001,-15.359999899999991,False,True,9.719998799999887,114.69999799999982,16.875,86.16666666666667,True,True,True,past_profile_disagreement+prior_day_no_production
2021-08-17,0.1,185.0,170.7800001,169.0,165.7800001,-3.219999900000005,False,True,1.8999995000000247,72.45999820000009,9.708333333333334,41.333333333333336,False,False,False,standard_review
2021-08-18,0.1,203.0,182.7000001,179.0,174.70000009999998,-4.299999900000017,False,True,3.9999999000000166,26.499999500000087,12.083333333333334,15.666666666666666,False,False,False,standard_review
2021-08-19,0.1,188.0,169.8600001,177.0,174.8600001,-2.1399998999999923,False,True,0.7599995999999685,127.65999709999976,7.0,9.291666666666666,False,False,False,standard_review
2021-08-20,0.1,196.0,177.90000009999997,187.0,171.9000001,-15.0999999,False,True,1.5999994000001685,114.09999710000082,9.708333333333334,10.208333333333334,False,False,False,standard_review
2021-08-21,0.1,107.0,107.0,104.0,104.0,0.0,True,False,0.0,0.0,2.8333333333333335,87.5,False,True,True,past_profile_disagreement
2021-08-22,0.1,23.0,23.0,25.0,25.0,0.0,True,False,0.0,0.0,0.8333333333333334,23.541666666666668,False,False,False,standard_review
2021-08-23,0.1,183.0,164.70000009999998,184.0,193.7000001,9.700000099999984,False,True,0.2999999000000173,27.599999800000035,18.375,69.29166666666667,True,False,True,prior_day_no_production
2021-08-24,0.1,169.0,152.2000001,187.0,184.2000001,-2.799999899999989,True,True,0.0,95.99999709999966,12.583333333333334,31.666666666666668,False,False,False,standard_review
2021-08-25,0.1,179.0,161.1000001,177.0,179.1000001,2.1000000999999884,False,True,0.2999999000000102,93.39999800000022,6.333333333333333,8.416666666666666,False,False,False,standard_review
2021-08-26,0.1,177.0,162.25000009999997,195.0,183.2500001,-11.749999900000034,True,True,0.0,106.24999650000122,8.5,6.375,False,False,False,standard_review
2021-08-27,0.1,187.0,168.3000001,181.0,178.6999999,-2.300000100000005,False,True,1.1999998999999946,39.49999949999997,6.833333333333333,9.0,False,False,False,standard_review
2021-08-28,0.1,104.0,104.0,111.0,111.0,0.0,True,False,0.0,0.0,13.75,84.66666666666667,False,True,True,past_profile_disagreement
2021-08-29,0.1,25.0,24.0000001,26.0,26.0,0.0,True,True,0.0,0.9999998999999988,11.833333333333334,34.708333333333336,False,False,False,standard_review
2021-08-30,0.1,184.0,168.6250001,172.0,180.6250001,8.625000100000022,False,True,3.1999999999999997,105.9249981000001,7.208333333333333,97.16666666666667,True,True,True,past_profile_disagreement+prior_day_no_production
2021-08-31,0.1,187.0,170.96250010000003,182.0,175.96250010000003,-6.037499899999972,False,True,3.499999199999776,100.24999799999944,8.583333333333334,31.791666666666668,False,False,False,standard_review
2021-09-01,0.1,177.0,163.8000001,185.0,177.8000001,-7.199999899999995,False,True,0.3999990999999525,118.69999689999985,7.625,7.583333333333333,False,False,False,standard_review
2021-09-02,0.1,195.0,175.5000001,192.0,182.5000001,-9.499999900000006,False,True,2.8999999000000045,111.69999740000016,6.833333333333333,6.0,False,False,False,standard_review
2021-09-03,0.1,181.0,164.1000001,187.0,177.1000001,-9.899999900000012,False,True,0.3999995000000531,88.69999820000021,6.666666666666667,12.916666666666666,False,False,False,standard_review
2021-09-04,0.1,111.0,111.0,111.0,111.0,0.0,True,False,0.0,0.0,10.166666666666666,86.41666666666667,False,True,True,past_profile_disagreement
2021-09-05,0.1,26.0,23.4000001,25.0,26.4000001,1.4000000999999995,False,True,0.2999999,3.1999998000000005,11.791666666666666,39.708333333333336,False,False,False,standard_review
2021-09-06,0.1,172.0,161.28888898888889,176.0,166.28888898888889,-9.711111011111116,False,True,1.7111101111111449,101.1333312333334,6.208333333333333,86.33333333333333,True,True,True,past_profile_disagreement+prior_day_no_production
2021-09-07,0.1,182.0,163.8000001,182.0,172.8000001,-9.199999899999996,True,True,0.0,70.19999879999993,5.208333333333333,32.5,False,False,False,standard_review
2021-09-08,0.1,185.0,170.51250009999998,171.0,171.51250009999998,0.5125000999999827,False,True,3.562498900000188,112.1374971000005,14.583333333333334,5.5,False,False,False,standard_review
2021-09-09,0.1,192.0,172.8000001,174.0,178.1999999,4.199999899999995,False,True,2.6999998999999946,55.79999899999994,8.125,14.833333333333334,False,False,False,standard_review
2021-09-10,0.1,187.0,168.3000001,184.0,181.3000001,-2.6999998999999946,False,True,0.5999998999999931,33.49999949999997,5.625,6.541666666666667,False,False,False,standard_review
2021-09-11,0.1,111.0,111.0,97.0,97.0,0.0,True,False,0.0,0.0,8.541666666666666,83.375,False,True,True,past_profile_disagreement
2021-09-12,0.1,25.0,24.0000001,25.0,25.0,0.0,True,True,0.0,0.9999998999999988,0.9583333333333334,20.208333333333332,False,False,False,standard_review
2021-09-13,0.1,176.0,158.4000001,185.0,184.4000001,-0.5999999000000003,True,True,0.0,64.59999859999999,7.916666666666667,80.83333333333333,True,True,True,past_profile_disagreement+prior_day_no_production
2021-09-14,0.1,182.0,163.8000001,174.0,165.8000001,-8.199999899999995,False,True,3.799999799999988,87.19999879999995,4.958333333333333,31.291666666666668,False,False,False,standard_review
